{"mean":{"confidence_interval":{"confidence_level":0.95,"lower_bound":206034.57191627423,"upper_bound":206339.64972104612},"point_estimate":206179.0175249767,"standard_error":78.26616294876099},"median":{"confidence_interval":{"confidence_level":0.95,"lower_bound":205785.6936936937,"upper_bound":206067.98518518519},"point_estimate":205889.61538461538,"standard_error":91.40754770372314},"median_abs_dev":{"confidence_interval":{"confidence_level":0.95,"lower_bound":342.9304599409115,"upper_bound":701.4777033240939},"point_estimate":496.5902913738069,"standard_error":103.90136773882143},"slope":{"confidence_interval":{"confidence_level":0.95,"lower_bound":205648.515873656,"upper_bound":205763.2141616727},"point_estimate":205701.05712920547,"standard_error":29.114915447317472},"std_dev":{"confidence_interval":{"confidence_level":0.95,"lower_bound":572.4953180689914,"upper_bound":1017.300927579569},"point_estimate":787.2263461427204,"standard_error":117.65043838902335}}