{"mean":{"confidence_interval":{"confidence_level":0.95,"lower_bound":9931.118360081879,"upper_bound":9999.553015917443},"point_estimate":9955.235958128771,"standard_error":20.325106516048553},"median":{"confidence_interval":{"confidence_level":0.95,"lower_bound":9927.833592592593,"upper_bound":9935.773055555555},"point_estimate":9932.35432466636,"standard_error":2.142123376091738},"median_abs_dev":{"confidence_interval":{"confidence_level":0.95,"lower_bound":9.196354037673185,"upper_bound":14.24992174897395},"point_estimate":11.497218200645221,"standard_error":1.339859030934449},"slope":{"confidence_interval":{"confidence_level":0.95,"lower_bound":9925.094042476994,"upper_bound":9960.025704515068},"point_estimate":9938.953892108762,"standard_error":9.259764615977966},"std_dev":{"confidence_interval":{"confidence_level":0.95,"lower_bound":10.594844252268862,"upper_bound":347.8021127207296},"point_estimate":203.9777129809742,"standard_error":115.43111496978302}}