{"mean":{"confidence_interval":{"confidence_level":0.95,"lower_bound":1415.0892823664365,"upper_bound":1446.2917097894676},"point_estimate":1429.3493118876056,"standard_error":7.99350429296904},"median":{"confidence_interval":{"confidence_level":0.95,"lower_bound":1396.9920212765958,"upper_bound":1414.4591346153845},"point_estimate":1406.595156848659,"standard_error":4.261639076713018},"median_abs_dev":{"confidence_interval":{"confidence_level":0.95,"lower_bound":21.109579561653405,"upper_bound":38.44961456370657},"point_estimate":28.783371483986638,"standard_error":4.3769192167890605},"slope":{"confidence_interval":{"confidence_level":0.95,"lower_bound":1429.0841807043344,"upper_bound":1474.825006471887},"point_estimate":1450.748619818605,"standard_error":11.758499099876309},"std_dev":{"confidence_interval":{"confidence_level":0.95,"lower_bound":47.85959008998392,"upper_bound":113.03409587119216},"point_estimate":80.64744840476311,"standard_error":17.289319744865004}}