{"mean":{"confidence_interval":{"confidence_level":0.95,"lower_bound":2096.3854353984993,"upper_bound":2176.019267611428},"point_estimate":2128.534353313183,"standard_error":20.992072826614315},"median":{"confidence_interval":{"confidence_level":0.95,"lower_bound":2097.885,"upper_bound":2138.0367251461985},"point_estimate":2119.3494143239623,"standard_error":9.662437541993523},"median_abs_dev":{"confidence_interval":{"confidence_level":0.95,"lower_bound":58.84736652817469,"upper_bound":93.60653867162462},"point_estimate":78.68003655559623,"standard_error":8.706747195308912},"slope":{"confidence_interval":{"confidence_level":0.95,"lower_bound":2121.6650656619345,"upper_bound":2148.7746463215844},"point_estimate":2135.3492748140484,"standard_error":6.884583997211244},"std_dev":{"confidence_interval":{"confidence_level":0.95,"lower_bound":72.48255703929401,"upper_bound":346.76306112108045},"point_estimate":211.9053509507265,"standard_error":91.18029299822246}}