{"mean":{"confidence_interval":{"confidence_level":0.95,"lower_bound":2773.90020710203,"upper_bound":2803.437794760615},"point_estimate":2787.5831749276035,"standard_error":7.5317526745684065},"median":{"confidence_interval":{"confidence_level":0.95,"lower_bound":2797.2175370728564,"upper_bound":2808.1566597653555},"point_estimate":2802.8025519421863,"standard_error":2.7636631175997866},"median_abs_dev":{"confidence_interval":{"confidence_level":0.95,"lower_bound":14.383313099264349,"upper_bound":30.71973135870115},"point_estimate":22.079355363030576,"standard_error":4.0602171070932895},"slope":{"confidence_interval":{"confidence_level":0.95,"lower_bound":2799.6302478541206,"upper_bound":2805.82821340956},"point_estimate":2802.79149375236,"standard_error":1.5843627044611872},"std_dev":{"confidence_interval":{"confidence_level":0.95,"lower_bound":46.77079650674839,"upper_bound":107.86577529673922},"point_estimate":75.27847855450959,"standard_error":17.638241645733796}}