{"mean":{"confidence_interval":{"confidence_level":0.95,"lower_bound":1788.7216242975494,"upper_bound":1812.94748549649},"point_estimate":1800.4315197012236,"standard_error":6.180627539409769},"median":{"confidence_interval":{"confidence_level":0.95,"lower_bound":1795.9285714285713,"upper_bound":1834.0356420626895},"point_estimate":1825.041447682752,"standard_error":9.669849907808668},"median_abs_dev":{"confidence_interval":{"confidence_level":0.95,"lower_bound":14.43268648466116,"upper_bound":66.26825251124785},"point_estimate":27.485747640720366,"standard_error":13.197986756846054},"slope":{"confidence_interval":{"confidence_level":0.95,"lower_bound":1823.4153220927158,"upper_bound":1832.2427389854377},"point_estimate":1828.3956263452433,"standard_error":2.253743530156506},"std_dev":{"confidence_interval":{"confidence_level":0.95,"lower_bound":47.92274355686878,"upper_bound":81.16315389487099},"point_estimate":62.42912289825887,"standard_error":9.423226334459589}}