{"mean":{"confidence_interval":{"confidence_level":0.95,"lower_bound":2128854.6946554063,"upper_bound":2139367.83357672},"point_estimate":2134056.4605514444,"standard_error":2695.611211039975},"median":{"confidence_interval":{"confidence_level":0.95,"lower_bound":2129908.75,"upper_bound":2134727.839285714},"point_estimate":2132180.2843137253,"standard_error":1146.0598815582387},"median_abs_dev":{"confidence_interval":{"confidence_level":0.95,"lower_bound":7222.935846767354,"upper_bound":12739.278237510996},"point_estimate":9352.229405512215,"standard_error":1434.1209832205711},"slope":{"confidence_interval":{"confidence_level":0.95,"lower_bound":2122587.9830861012,"upper_bound":2134729.22767685},"point_estimate":2128527.3111157087,"standard_error":3090.2072945717928},"std_dev":{"confidence_interval":{"confidence_level":0.95,"lower_bound":22074.82802566828,"upper_bound":31538.56464596709},"point_estimate":27187.866948200037,"standard_error":2418.652299172341}}