{"mean":{"confidence_interval":{"confidence_level":0.95,"lower_bound":214284.47160548295,"upper_bound":214500.54613424628},"point_estimate":214387.84739752742,"standard_error":55.10042774880193},"median":{"confidence_interval":{"confidence_level":0.95,"lower_bound":214125.49145299144,"upper_bound":214361.69696969696},"point_estimate":214218.38503829998,"standard_error":62.33993960159679},"median_abs_dev":{"confidence_interval":{"confidence_level":0.95,"lower_bound":281.73798027843577,"upper_bound":480.6343605990945},"point_estimate":358.4015950839688,"standard_error":49.734525851525575},"slope":{"confidence_interval":{"confidence_level":0.95,"lower_bound":214024.05746507406,"upper_bound":214128.0187609808},"point_estimate":214070.46235456382,"standard_error":26.63950076524024},"std_dev":{"confidence_interval":{"confidence_level":0.95,"lower_bound":416.1242418848917,"upper_bound":690.4734205254459},"point_estimate":556.1109251867103,"standard_error":70.5414665191849}}