{"mean":{"confidence_interval":{"confidence_level":0.95,"lower_bound":13856.234153128917,"upper_bound":13888.444411458802},"point_estimate":13872.274836762826,"standard_error":8.22541352976133},"median":{"confidence_interval":{"confidence_level":0.95,"lower_bound":13854.87619047619,"upper_bound":13906.514778325123},"point_estimate":13881.949002942138,"standard_error":13.988981493875238},"median_abs_dev":{"confidence_interval":{"confidence_level":0.95,"lower_bound":65.83618330969152,"upper_bound":110.34028021683118},"point_estimate":90.35411824430476,"standard_error":11.99965687728011},"slope":{"confidence_interval":{"confidence_level":0.95,"lower_bound":13903.064673140401,"upper_bound":13924.749190497538},"point_estimate":13915.120324403442,"standard_error":5.547303871580113},"std_dev":{"confidence_interval":{"confidence_level":0.95,"lower_bound":70.22432221062093,"upper_bound":95.93073452548973},"point_estimate":82.65448456238563,"standard_error":6.640770512602212}}