{"mean":{"confidence_interval":{"confidence_level":0.95,"lower_bound":1265.3227806715995,"upper_bound":1281.662727826475},"point_estimate":1273.3861284630207,"standard_error":4.147224161831392},"median":{"confidence_interval":{"confidence_level":0.95,"lower_bound":1274.6366920915295,"upper_bound":1296.2884786795753},"point_estimate":1293.2127414645104,"standard_error":4.753464133525236},"median_abs_dev":{"confidence_interval":{"confidence_level":0.95,"lower_bound":9.89540262841478,"upper_bound":41.57631760150017},"point_estimate":18.019094330611605,"standard_error":8.105737720655764},"slope":{"confidence_interval":{"confidence_level":0.95,"lower_bound":1290.1630871275659,"upper_bound":1295.9658123772494},"point_estimate":1293.3233219480776,"standard_error":1.4818364584794},"std_dev":{"confidence_interval":{"confidence_level":0.95,"lower_bound":34.90782472160641,"upper_bound":49.33686239800433},"point_estimate":41.657098028307715,"standard_error":3.789022473315024}}