{"mean":{"confidence_interval":{"confidence_level":0.95,"lower_bound":9001.083696071353,"upper_bound":9067.20765539415},"point_estimate":9028.196612486223,"standard_error":17.200120607794773},"median":{"confidence_interval":{"confidence_level":0.95,"lower_bound":9000.350705329154,"upper_bound":9029.84231321839},"point_estimate":9008.582876588021,"standard_error":8.489203057079814},"median_abs_dev":{"confidence_interval":{"confidence_level":0.95,"lower_bound":39.23096519353832,"upper_bound":70.17263379829267},"point_estimate":56.89506446796689,"standard_error":8.287726497115122},"slope":{"confidence_interval":{"confidence_level":0.95,"lower_bound":9017.666612348105,"upper_bound":9040.488805848663},"point_estimate":9028.770097990757,"standard_error":5.820541364106292},"std_dev":{"confidence_interval":{"confidence_level":0.95,"lower_bound":59.82680822361167,"upper_bound":279.46897081592016},"point_estimate":173.64377694372627,"standard_error":67.72142816788896}}