{"mean":{"confidence_interval":{"confidence_level":0.95,"lower_bound":-0.034451788087739965,"upper_bound":-0.0034819775663057495},"point_estimate":-0.019150770604417833,"standard_error":0.007916859392187262},"median":{"confidence_interval":{"confidence_level":0.95,"lower_bound":-0.03800765595869449,"upper_bound":0.005722257869270386},"point_estimate":-0.014345478861405025,"standard_error":0.011314930318418702}}