{"mean":{"confidence_interval":{"confidence_level":0.95,"lower_bound":-0.03603503571007358,"upper_bound":0.005788309434304623},"point_estimate":-0.015458285031051955,"standard_error":0.010759943652681176},"median":{"confidence_interval":{"confidence_level":0.95,"lower_bound":-0.039873286994030255,"upper_bound":0.009942176196671815},"point_estimate":-0.01917036635149094,"standard_error":0.012966045697668774}}