{"mean":{"confidence_interval":{"confidence_level":0.95,"lower_bound":14320.729038090754,"upper_bound":14370.127294241627},"point_estimate":14343.993798483772,"standard_error":12.63735450626745},"median":{"confidence_interval":{"confidence_level":0.95,"lower_bound":14297.228327228328,"upper_bound":14335.15238095238},"point_estimate":14310.636823593075,"standard_error":10.660128728057641},"median_abs_dev":{"confidence_interval":{"confidence_level":0.95,"lower_bound":62.39090103087726,"upper_bound":108.20514451792754},"point_estimate":90.3120276326639,"standard_error":11.949147776423024},"slope":{"confidence_interval":{"confidence_level":0.95,"lower_bound":14340.31989269658,"upper_bound":14376.293017239994},"point_estimate":14358.47093964407,"standard_error":9.12482450917176},"std_dev":{"confidence_interval":{"confidence_level":0.95,"lower_bound":86.4744844265729,"upper_bound":162.6610800815623},"point_estimate":127.46465109122555,"standard_error":19.45622926478662}}