{"mean":{"confidence_interval":{"confidence_level":0.95,"lower_bound":733864.6375527687,"upper_bound":785886.2871320308},"point_estimate":755749.9862310869,"standard_error":13451.790302529056},"median":{"confidence_interval":{"confidence_level":0.95,"lower_bound":715477.4615384615,"upper_bound":724430.947368421},"point_estimate":719596.77228164,"standard_error":2403.0572781921114},"median_abs_dev":{"confidence_interval":{"confidence_level":0.95,"lower_bound":8529.296496528043,"upper_bound":19296.39382897219},"point_estimate":12282.040963429463,"standard_error":2898.5965214999387},"slope":{"confidence_interval":{"confidence_level":0.95,"lower_bound":712817.960747667,"upper_bound":715308.6491069039},"point_estimate":713911.9722358504,"standard_error":633.7495166758105},"std_dev":{"confidence_interval":{"confidence_level":0.95,"lower_bound":45725.69061951418,"upper_bound":212217.22371210062},"point_estimate":135334.34233465116,"standard_error":46413.225723044714}}