{"mean":{"confidence_interval":{"confidence_level":0.95,"lower_bound":1194.2600570188138,"upper_bound":1214.197734797537},"point_estimate":1204.4120219527042,"standard_error":5.110437488199286},"median":{"confidence_interval":{"confidence_level":0.95,"lower_bound":1226.4046252204585,"upper_bound":1232.9879349046016},"point_estimate":1230.1514806280934,"standard_error":1.6489263638197926},"median_abs_dev":{"confidence_interval":{"confidence_level":0.95,"lower_bound":10.45877904671176,"upper_bound":29.792002435571792},"point_estimate":16.09627926165399,"standard_error":5.473928275858631},"slope":{"confidence_interval":{"confidence_level":0.95,"lower_bound":1230.96625795603,"upper_bound":1238.0220805737722},"point_estimate":1234.6030525589872,"standard_error":1.7946400588209213},"std_dev":{"confidence_interval":{"confidence_level":0.95,"lower_bound":44.40522125722476,"upper_bound":56.37581637699992},"point_estimate":51.274214794447396,"standard_error":3.0626315438704412}}