{"mean":{"confidence_interval":{"confidence_level":0.95,"lower_bound":1622.434208420675,"upper_bound":1658.1236004986729},"point_estimate":1639.991695570484,"standard_error":9.11082959595028},"median":{"confidence_interval":{"confidence_level":0.95,"lower_bound":1617.9052281710383,"upper_bound":1672.6525279973648},"point_estimate":1660.8815516218353,"standard_error":13.908294906971589},"median_abs_dev":{"confidence_interval":{"confidence_level":0.95,"lower_bound":55.702969271543054,"upper_bound":117.31439442766306},"point_estimate":95.82852259747123,"standard_error":16.47165521446406},"slope":{"confidence_interval":{"confidence_level":0.95,"lower_bound":1678.578069660149,"upper_bound":1708.8306783742735},"point_estimate":1693.5157822050862,"standard_error":7.712519778154395},"std_dev":{"confidence_interval":{"confidence_level":0.95,"lower_bound":76.03838970511273,"upper_bound":106.98966955743181},"point_estimate":91.4435449890147,"standard_error":7.978729669443754}}