{"mean":{"confidence_interval":{"confidence_level":0.95,"lower_bound":1800.63837151168,"upper_bound":1826.3404144620465},"point_estimate":1813.179176361722,"standard_error":6.586568084162927},"median":{"confidence_interval":{"confidence_level":0.95,"lower_bound":1805.1896696167728,"upper_bound":1845.9355498721227},"point_estimate":1837.2954869435625,"standard_error":10.102514378773751},"median_abs_dev":{"confidence_interval":{"confidence_level":0.95,"lower_bound":20.157067775176706,"upper_bound":74.8640359637606},"point_estimate":36.19400264407506,"standard_error":14.568000317541976},"slope":{"confidence_interval":{"confidence_level":0.95,"lower_bound":1837.31485795711,"upper_bound":1848.9510890156046},"point_estimate":1843.2473971511363,"standard_error":2.9562322941333714},"std_dev":{"confidence_interval":{"confidence_level":0.95,"lower_bound":52.47985624744171,"upper_bound":82.08680568617993},"point_estimate":66.00339819023625,"standard_error":7.9453845305581146}}