{"mean":{"confidence_interval":{"confidence_level":0.95,"lower_bound":239664.36115130788,"upper_bound":239879.42632202557},"point_estimate":239769.5470460613,"standard_error":54.67756656853913},"median":{"confidence_interval":{"confidence_level":0.95,"lower_bound":239694.03174603175,"upper_bound":239932.3997113997},"point_estimate":239822.61397748592,"standard_error":61.64843806312316},"median_abs_dev":{"confidence_interval":{"confidence_level":0.95,"lower_bound":350.1962912827673,"upper_bound":591.8408216564744},"point_estimate":488.43432615741557,"standard_error":62.41158446816075},"slope":{"confidence_interval":{"confidence_level":0.95,"lower_bound":239605.7925657006,"upper_bound":239851.0830634913},"point_estimate":239723.41246769452,"standard_error":62.637495620732444},"std_dev":{"confidence_interval":{"confidence_level":0.95,"lower_bound":430.92404437531775,"upper_bound":667.5077617599787},"point_estimate":550.469669307756,"standard_error":61.098786483268576}}