{"mean":{"confidence_interval":{"confidence_level":0.95,"lower_bound":1182.8963735896764,"upper_bound":1199.8531948071222},"point_estimate":1191.4519501569507,"standard_error":4.317435793485875},"median":{"confidence_interval":{"confidence_level":0.95,"lower_bound":1208.7867186005483,"upper_bound":1214.8454294393814},"point_estimate":1212.5205348943987,"standard_error":1.651528137404528},"median_abs_dev":{"confidence_interval":{"confidence_level":0.95,"lower_bound":7.051879987041489,"upper_bound":18.53353943148933},"point_estimate":11.571716032805483,"standard_error":2.791361214217085},"slope":{"confidence_interval":{"confidence_level":0.95,"lower_bound":1210.0314423905797,"upper_bound":1213.5753399199057},"point_estimate":1211.91313986324,"standard_error":0.9036349095043188},"std_dev":{"confidence_interval":{"confidence_level":0.95,"lower_bound":36.05118863580958,"upper_bound":50.82618587533503},"point_estimate":43.36563688559758,"standard_error":3.755286232281112}}