{"mean":{"confidence_interval":{"confidence_level":0.95,"lower_bound":13034.206114735764,"upper_bound":13073.784768866692},"point_estimate":13053.54653050867,"standard_error":10.102619727533598},"median":{"confidence_interval":{"confidence_level":0.95,"lower_bound":13013.122180451128,"upper_bound":13082.907072368422},"point_estimate":13045.968123861567,"standard_error":17.86017337927363},"median_abs_dev":{"confidence_interval":{"confidence_level":0.95,"lower_bound":99.50675367330784,"upper_bound":143.36526569750964},"point_estimate":129.0812986951916,"standard_error":10.843719043560789},"slope":{"confidence_interval":{"confidence_level":0.95,"lower_bound":13092.311200462262,"upper_bound":13125.458918062814},"point_estimate":13110.726912648845,"standard_error":8.44288200866212},"std_dev":{"confidence_interval":{"confidence_level":0.95,"lower_bound":86.7096350312689,"upper_bound":117.37465710795863},"point_estimate":101.62003381850234,"standard_error":7.944493484100482}}