{"mean":{"confidence_interval":{"confidence_level":0.95,"lower_bound":35429.18689314397,"upper_bound":35630.96359990956},"point_estimate":35521.053624401444,"standard_error":51.741456798866956},"median":{"confidence_interval":{"confidence_level":0.95,"lower_bound":35298.85526315789,"upper_bound":35442.65925639262},"point_estimate":35351.267532393074,"standard_error":33.54068683104595},"median_abs_dev":{"confidence_interval":{"confidence_level":0.95,"lower_bound":120.23728354402803,"upper_bound":283.9986988801606},"point_estimate":197.21786218323916,"standard_error":39.34190103366844},"slope":{"confidence_interval":{"confidence_level":0.95,"lower_bound":35359.924073783695,"upper_bound":35462.390707034305},"point_estimate":35411.83634308914,"standard_error":26.12663188118115},"std_dev":{"confidence_interval":{"confidence_level":0.95,"lower_bound":291.92258798131644,"upper_bound":706.0459610958035},"point_estimate":518.2577597630471,"standard_error":105.41474972434804}}