{"mean":{"confidence_interval":{"confidence_level":0.95,"lower_bound":32826.064882686536,"upper_bound":32940.02705575458},"point_estimate":32877.93175696391,"standard_error":29.23016122050734},"median":{"confidence_interval":{"confidence_level":0.95,"lower_bound":32771.23309859155,"upper_bound":32817.4},"point_estimate":32792.87567803177,"standard_error":12.118361857771875},"median_abs_dev":{"confidence_interval":{"confidence_level":0.95,"lower_bound":67.56722522699339,"upper_bound":184.53424741038643},"point_estimate":131.66999523837933,"standard_error":31.20428004095595},"slope":{"confidence_interval":{"confidence_level":0.95,"lower_bound":32785.50109473512,"upper_bound":32896.91021502153},"point_estimate":32834.985971627015,"standard_error":28.70819449096363},"std_dev":{"confidence_interval":{"confidence_level":0.95,"lower_bound":169.7096021564651,"upper_bound":419.6065012132418},"point_estimate":294.92819686434495,"standard_error":67.84686698409661}}