{"mean":{"confidence_interval":{"confidence_level":0.95,"lower_bound":661109.2748348851,"upper_bound":701929.7361014313},"point_estimate":678662.1956887329,"standard_error":10563.181724090746},"median":{"confidence_interval":{"confidence_level":0.95,"lower_bound":646845.8282428356,"upper_bound":653055.2196969697},"point_estimate":650294.5864041096,"standard_error":1948.0625579065518},"median_abs_dev":{"confidence_interval":{"confidence_level":0.95,"lower_bound":10149.743198011174,"upper_bound":20243.654555098103},"point_estimate":13899.026426438468,"standard_error":2537.046189330318},"slope":{"confidence_interval":{"confidence_level":0.95,"lower_bound":643226.8112786189,"upper_bound":648234.2128941356},"point_estimate":645511.4409221221,"standard_error":1277.0710391910713},"std_dev":{"confidence_interval":{"confidence_level":0.95,"lower_bound":43557.46994993234,"upper_bound":163095.72992357577},"point_estimate":106258.46264189422,"standard_error":33541.455975976016}}