{"mean":{"confidence_interval":{"confidence_level":0.95,"lower_bound":1330.4793844789594,"upper_bound":1430.6225245647872},"point_estimate":1371.5134380639302,"standard_error":26.20030992511042},"median":{"confidence_interval":{"confidence_level":0.95,"lower_bound":1365.2941001899335,"upper_bound":1371.9677640603566},"point_estimate":1368.986244733698,"standard_error":1.7620684191932265},"median_abs_dev":{"confidence_interval":{"confidence_level":0.95,"lower_bound":9.099464553660916,"upper_bound":31.592593225483913},"point_estimate":17.369292290286374,"standard_error":6.10196835440604},"slope":{"confidence_interval":{"confidence_level":0.95,"lower_bound":1370.10961370523,"upper_bound":1549.2627343353138},"point_estimate":1440.4141782835,"standard_error":48.33927647587444},"std_dev":{"confidence_interval":{"confidence_level":0.95,"lower_bound":57.61791354702835,"upper_bound":418.05666064664496},"point_estimate":262.1176444127556,"standard_error":99.65135271560143}}