{"mean":{"confidence_interval":{"confidence_level":0.95,"lower_bound":1265.684444620458,"upper_bound":1287.791220391635},"point_estimate":1276.8826355392325,"standard_error":5.657035009706294},"median":{"confidence_interval":{"confidence_level":0.95,"lower_bound":1279.6536997885835,"upper_bound":1311.6337028824835},"point_estimate":1306.2354592234524,"standard_error":8.934872716945932},"median_abs_dev":{"confidence_interval":{"confidence_level":0.95,"lower_bound":21.190240557522515,"upper_bound":65.55105846025062},"point_estimate":34.81475003898593,"standard_error":12.01910786397896},"slope":{"confidence_interval":{"confidence_level":0.95,"lower_bound":1309.059554226052,"upper_bound":1318.6868117955428},"point_estimate":1314.200672622486,"standard_error":2.452835771908202},"std_dev":{"confidence_interval":{"confidence_level":0.95,"lower_bound":51.07988929353764,"upper_bound":62.33273614331286},"point_estimate":57.17049457899474,"standard_error":2.852173939908086}}