{"mean":{"confidence_interval":{"confidence_level":0.95,"lower_bound":-0.08137927750211134,"upper_bound":-0.02673046618065997},"point_estimate":-0.0529764778531886,"standard_error":0.013911740687065853},"median":{"confidence_interval":{"confidence_level":0.95,"lower_bound":-0.057958393483688475,"upper_bound":-0.011801672729682466},"point_estimate":-0.03496587707263488,"standard_error":0.01221724105333158}}