{"mean":{"confidence_interval":{"confidence_level":0.95,"lower_bound":14041.53715195649,"upper_bound":14083.253409063593},"point_estimate":14061.495520598877,"standard_error":10.643273752226472},"median":{"confidence_interval":{"confidence_level":0.95,"lower_bound":14016.686815920399,"upper_bound":14067.614492753622},"point_estimate":14036.222925420167,"standard_error":12.657358226560461},"median_abs_dev":{"confidence_interval":{"confidence_level":0.95,"lower_bound":76.98505871971666,"upper_bound":114.50724092229947},"point_estimate":100.60731231302387,"standard_error":9.337123561932536},"slope":{"confidence_interval":{"confidence_level":0.95,"lower_bound":14071.44881621742,"upper_bound":14109.241262730113},"point_estimate":14090.614493867297,"standard_error":9.608736897930719},"std_dev":{"confidence_interval":{"confidence_level":0.95,"lower_bound":81.57213669011433,"upper_bound":132.10908732381654},"point_estimate":107.37783941798396,"standard_error":13.00340466579751}}