{"mean":{"confidence_interval":{"confidence_level":0.95,"lower_bound":45016.17787813178,"upper_bound":45030.96458434767},"point_estimate":45023.46733212118,"standard_error":3.7788498080892348},"median":{"confidence_interval":{"confidence_level":0.95,"lower_bound":45008.640726535814,"upper_bound":45024.97341337908},"point_estimate":45018.112927981114,"standard_error":4.313811528481413},"median_abs_dev":{"confidence_interval":{"confidence_level":0.95,"lower_bound":24.61296832336665,"upper_bound":42.79411308666669},"point_estimate":34.10483304810574,"standard_error":4.69964586451596},"slope":{"confidence_interval":{"confidence_level":0.95,"lower_bound":45033.524694289066,"upper_bound":45051.01474770279},"point_estimate":45042.37780767629,"standard_error":4.4677619922807},"std_dev":{"confidence_interval":{"confidence_level":0.95,"lower_bound":32.37826389702821,"upper_bound":42.82977508955989},"point_estimate":37.94571947565354,"standard_error":2.6679167441683904}}