{"mean":{"confidence_interval":{"confidence_level":0.95,"lower_bound":11314.153948895739,"upper_bound":11418.470076753276},"point_estimate":11359.633771983552,"standard_error":26.824225713383367},"median":{"confidence_interval":{"confidence_level":0.95,"lower_bound":11284.211582307342,"upper_bound":11299.849272267045},"point_estimate":11294.44928600571,"standard_error":4.763861064034522},"median_abs_dev":{"confidence_interval":{"confidence_level":0.95,"lower_bound":23.991039512428298,"upper_bound":47.62074534004197},"point_estimate":38.94848480047599,"standard_error":6.231091592145242},"slope":{"confidence_interval":{"confidence_level":0.95,"lower_bound":11349.927678109523,"upper_bound":11472.537678314473},"point_estimate":11408.082262621958,"standard_error":31.397812119718765},"std_dev":{"confidence_interval":{"confidence_level":0.95,"lower_bound":108.17182760571595,"upper_bound":404.7105656647899},"point_estimate":269.3723479543754,"standard_error":77.81779194065709}}