{"mean":{"confidence_interval":{"confidence_level":0.95,"lower_bound":17760.969773978137,"upper_bound":18176.218054576253},"point_estimate":17958.817807898176,"standard_error":106.41265923165845},"median":{"confidence_interval":{"confidence_level":0.95,"lower_bound":17538.86280366388,"upper_bound":17885.737816764133},"point_estimate":17672.972502805835,"standard_error":102.9420195520538},"median_abs_dev":{"confidence_interval":{"confidence_level":0.95,"lower_bound":525.2228920548808,"upper_bound":890.6576179243872},"point_estimate":694.8261293682297,"standard_error":95.0726810686114},"slope":{"confidence_interval":{"confidence_level":0.95,"lower_bound":17685.754076422898,"upper_bound":18247.6440293529},"point_estimate":17943.376266193784,"standard_error":143.46250676422508},"std_dev":{"confidence_interval":{"confidence_level":0.95,"lower_bound":796.3667701683682,"upper_bound":1310.4006012556674},"point_estimate":1065.39484699045,"standard_error":131.4976550342839}}