{"mean":{"confidence_interval":{"confidence_level":0.95,"lower_bound":2036.686447958542,"upper_bound":2074.3415718529413},"point_estimate":2055.8426928449685,"standard_error":9.626652376253405},"median":{"confidence_interval":{"confidence_level":0.95,"lower_bound":2063.127260981912,"upper_bound":2119.437757201646},"point_estimate":2111.967758259235,"standard_error":13.541770541694625},"median_abs_dev":{"confidence_interval":{"confidence_level":0.95,"lower_bound":21.07659244662986,"upper_bound":96.80207603497239},"point_estimate":42.78262091614134,"standard_error":18.70487581082326},"slope":{"confidence_interval":{"confidence_level":0.95,"lower_bound":2109.8205687716445,"upper_bound":2120.64002795714},"point_estimate":2115.8492333710983,"standard_error":2.7653794762624755},"std_dev":{"confidence_interval":{"confidence_level":0.95,"lower_bound":85.09002295762916,"upper_bound":106.33255184912743},"point_estimate":96.73048590870141,"standard_error":5.391041118210437}}