{"mean":{"confidence_interval":{"confidence_level":0.95,"lower_bound":1645.7231541376632,"upper_bound":1674.0637729124994},"point_estimate":1660.2704434788404,"standard_error":7.24240787231955},"median":{"confidence_interval":{"confidence_level":0.95,"lower_bound":1687.0110870740941,"upper_bound":1703.9719981015662},"point_estimate":1699.7317594952392,"standard_error":4.6705797765666865},"median_abs_dev":{"confidence_interval":{"confidence_level":0.95,"lower_bound":15.289108226213518,"upper_bound":45.339203012880496},"point_estimate":25.078960368978223,"standard_error":8.241499511463907},"slope":{"confidence_interval":{"confidence_level":0.95,"lower_bound":1699.1216036859826,"upper_bound":1705.622815487894},"point_estimate":1702.6758227513137,"standard_error":1.659619110211296},"std_dev":{"confidence_interval":{"confidence_level":0.95,"lower_bound":62.52437585715447,"upper_bound":80.87092181060552},"point_estimate":72.72469975047643,"standard_error":4.68296496547758}}