{"mean":{"confidence_interval":{"confidence_level":0.95,"lower_bound":1506.0905608016847,"upper_bound":1529.0618886074167},"point_estimate":1517.3545512878763,"standard_error":5.860247105007594},"median":{"confidence_interval":{"confidence_level":0.95,"lower_bound":1522.2512604076946,"upper_bound":1549.1014814814814},"point_estimate":1545.761720072132,"standard_error":7.606219557917837},"median_abs_dev":{"confidence_interval":{"confidence_level":0.95,"lower_bound":12.66212432260167,"upper_bound":56.739537051495354},"point_estimate":24.26075067576468,"standard_error":12.274672795136626},"slope":{"confidence_interval":{"confidence_level":0.95,"lower_bound":1542.720468842883,"upper_bound":1552.279682114391},"point_estimate":1547.6861463638902,"standard_error":2.4283825397828567},"std_dev":{"confidence_interval":{"confidence_level":0.95,"lower_bound":47.85608820457389,"upper_bound":72.97962960148543},"point_estimate":59.02215167841634,"standard_error":6.819778375895749}}