{"mean":{"confidence_interval":{"confidence_level":0.95,"lower_bound":1691.6701190412368,"upper_bound":1716.635218319863},"point_estimate":1704.4707386939378,"standard_error":6.375205351140303},"median":{"confidence_interval":{"confidence_level":0.95,"lower_bound":1724.840569621341,"upper_bound":1740.7556233320624},"point_estimate":1737.573390997371,"standard_error":3.9631663926867287},"median_abs_dev":{"confidence_interval":{"confidence_level":0.95,"lower_bound":17.349274704619155,"upper_bound":40.316960955389874},"point_estimate":25.329432963649317,"standard_error":5.692325880893932},"slope":{"confidence_interval":{"confidence_level":0.95,"lower_bound":1737.901528045194,"upper_bound":1743.9508153239572},"point_estimate":1741.1059843769867,"standard_error":1.542905409713528},"std_dev":{"confidence_interval":{"confidence_level":0.95,"lower_bound":55.26135312303135,"upper_bound":71.2743124207682},"point_estimate":64.06742471464352,"standard_error":4.074350381184315}}