{"mean":{"confidence_interval":{"confidence_level":0.95,"lower_bound":-0.04234929236655761,"upper_bound":-0.007119345131184643},"point_estimate":-0.024780943629685193,"standard_error":0.008982327184249852},"median":{"confidence_interval":{"confidence_level":0.95,"lower_bound":-0.04292642856184159,"upper_bound":-0.011329629876132175},"point_estimate":-0.028584204821176296,"standard_error":0.008203437130849183}}