{"mean":{"confidence_interval":{"confidence_level":0.95,"lower_bound":1195.666717191107,"upper_bound":1214.7433718038392},"point_estimate":1205.2099380337368,"standard_error":4.862382757101669},"median":{"confidence_interval":{"confidence_level":0.95,"lower_bound":1214.7308491720746,"upper_bound":1224.8770541692027},"point_estimate":1221.2486345580933,"standard_error":2.7821982033211143},"median_abs_dev":{"confidence_interval":{"confidence_level":0.95,"lower_bound":16.442462192364964,"upper_bound":52.65713275787153},"point_estimate":29.577880233958822,"standard_error":9.442019736972226},"slope":{"confidence_interval":{"confidence_level":0.95,"lower_bound":1228.1991982651352,"upper_bound":1243.7909943882514},"point_estimate":1235.6818056550796,"standard_error":3.9762903715737137},"std_dev":{"confidence_interval":{"confidence_level":0.95,"lower_bound":41.790788600457496,"upper_bound":55.245437248083384},"point_estimate":48.877136549056345,"standard_error":3.4508485208145805}}