{"mean":{"confidence_interval":{"confidence_level":0.95,"lower_bound":1098.2586527603207,"upper_bound":1105.071760308177},"point_estimate":1101.351424779724,"standard_error":1.7366595470969686},"median":{"confidence_interval":{"confidence_level":0.95,"lower_bound":1095.8592001316656,"upper_bound":1102.1537527967998},"point_estimate":1098.9438472906404,"standard_error":1.3525356449029067},"median_abs_dev":{"confidence_interval":{"confidence_level":0.95,"lower_bound":8.566156999095902,"upper_bound":13.66654273805372},"point_estimate":10.768369453092104,"standard_error":1.2214043471167462},"slope":{"confidence_interval":{"confidence_level":0.95,"lower_bound":1095.5985502596675,"upper_bound":1101.8366212120973},"point_estimate":1098.531729992189,"standard_error":1.5962875620667218},"std_dev":{"confidence_interval":{"confidence_level":0.95,"lower_bound":10.215380994227507,"upper_bound":25.610961149299463},"point_estimate":17.46746512836103,"standard_error":4.550801673892671}}