{"mean":{"confidence_interval":{"confidence_level":0.95,"lower_bound":10338.362638477873,"upper_bound":10376.413158891857},"point_estimate":10356.812364092992,"standard_error":9.70325412686153},"median":{"confidence_interval":{"confidence_level":0.95,"lower_bound":10296.71786437247,"upper_bound":10359.460858585859},"point_estimate":10322.317033898304,"standard_error":17.839579150198386},"median_abs_dev":{"confidence_interval":{"confidence_level":0.95,"lower_bound":49.4930859908403,"upper_bound":121.6957035776747},"point_estimate":83.74998590598851,"standard_error":20.097791615978565},"slope":{"confidence_interval":{"confidence_level":0.95,"lower_bound":10396.238815907698,"upper_bound":10436.894216815252},"point_estimate":10418.113770257623,"standard_error":10.382458109595396},"std_dev":{"confidence_interval":{"confidence_level":0.95,"lower_bound":80.68277143450085,"upper_bound":115.80680119101895},"point_estimate":97.42382067515308,"standard_error":9.147060024697616}}