{"mean":{"confidence_interval":{"confidence_level":0.95,"lower_bound":1986278.0420001487,"upper_bound":2154595.417684815},"point_estimate":2056672.7496358908,"standard_error":43530.38625811282},"median":{"confidence_interval":{"confidence_level":0.95,"lower_bound":1927997.4104105572,"upper_bound":1956068.4875},"point_estimate":1940862.9209692029,"standard_error":7779.566947106911},"median_abs_dev":{"confidence_interval":{"confidence_level":0.95,"lower_bound":34082.69223861014,"upper_bound":70476.36558516104},"point_estimate":52214.003223402906,"standard_error":10031.928798442723},"slope":{"confidence_interval":{"confidence_level":0.95,"lower_bound":1915641.3475030242,"upper_bound":1924912.9817875943},"point_estimate":1919647.6678794147,"standard_error":2364.0266661541737},"std_dev":{"confidence_interval":{"confidence_level":0.95,"lower_bound":147285.16912933337,"upper_bound":682953.8740084379},"point_estimate":434714.8818087966,"standard_error":149938.4676431199}}