{"mean":{"confidence_interval":{"confidence_level":0.95,"lower_bound":108479.67647824943,"upper_bound":108668.30831183537},"point_estimate":108573.60507566355,"standard_error":47.850829720553186},"median":{"confidence_interval":{"confidence_level":0.95,"lower_bound":108438.03601108033,"upper_bound":108695.27485380117},"point_estimate":108570.3211164572,"standard_error":64.51482759334772},"median_abs_dev":{"confidence_interval":{"confidence_level":0.95,"lower_bound":430.2452146731671,"upper_bound":645.7184440868272},"point_estimate":540.6488740058927,"standard_error":53.77444660723641},"slope":{"confidence_interval":{"confidence_level":0.95,"lower_bound":108588.34932694341,"upper_bound":108848.04345653068},"point_estimate":108722.7016872905,"standard_error":66.12369587531815},"std_dev":{"confidence_interval":{"confidence_level":0.95,"lower_bound":420.47740096124573,"upper_bound":538.4638625902278},"point_estimate":482.17907712785575,"standard_error":30.226142270656823}}