{"mean":{"confidence_interval":{"confidence_level":0.95,"lower_bound":561325.5842910876,"upper_bound":565617.8436527365},"point_estimate":563466.4281265498,"standard_error":1100.1712197407999},"median":{"confidence_interval":{"confidence_level":0.95,"lower_bound":558901.1686046511,"upper_bound":564771.8085106383},"point_estimate":561683.1932075472,"standard_error":1462.9253384094695},"median_abs_dev":{"confidence_interval":{"confidence_level":0.95,"lower_bound":9243.406730771027,"upper_bound":15833.884758574975},"point_estimate":13215.424429015688,"standard_error":1700.5223678891846},"slope":{"confidence_interval":{"confidence_level":0.95,"lower_bound":554951.8152806046,"upper_bound":558420.0799155468},"point_estimate":556611.780048766,"standard_error":884.3289805335688},"std_dev":{"confidence_interval":{"confidence_level":0.95,"lower_bound":9802.65123615133,"upper_bound":12246.8603329189},"point_estimate":11082.036859513062,"standard_error":624.4587890468969}}