{"mean":{"confidence_interval":{"confidence_level":0.95,"lower_bound":12008.960024565386,"upper_bound":12056.91647418774},"point_estimate":12029.044769858336,"standard_error":12.335008160383367},"median":{"confidence_interval":{"confidence_level":0.95,"lower_bound":11999.631818181819,"upper_bound":12023.782175642595},"point_estimate":12005.189108187134,"standard_error":6.717938985845271},"median_abs_dev":{"confidence_interval":{"confidence_level":0.95,"lower_bound":42.29569441576792,"upper_bound":80.77421662045235},"point_estimate":62.59422239577243,"standard_error":9.707152355804093},"slope":{"confidence_interval":{"confidence_level":0.95,"lower_bound":11995.090808555366,"upper_bound":12024.308077571468},"point_estimate":12009.456553051574,"standard_error":7.445341908107099},"std_dev":{"confidence_interval":{"confidence_level":0.95,"lower_bound":56.068220306420564,"upper_bound":194.6877648617004},"point_estimate":123.87950711599052,"standard_error":44.90657112984279}}