{"mean":{"confidence_interval":{"confidence_level":0.95,"lower_bound":1037.25547621185,"upper_bound":1051.5089989556593},"point_estimate":1042.6987439275106,"standard_error":3.785590931854377},"median":{"confidence_interval":{"confidence_level":0.95,"lower_bound":1035.6021825396826,"upper_bound":1038.805965909091},"point_estimate":1036.9593448464911,"standard_error":0.8596880462884291},"median_abs_dev":{"confidence_interval":{"confidence_level":0.95,"lower_bound":5.345771191871869,"upper_bound":9.389345775303896},"point_estimate":7.990398047062469,"standard_error":1.032863064451745},"slope":{"confidence_interval":{"confidence_level":0.95,"lower_bound":1034.3038865775643,"upper_bound":1037.3860245564395},"point_estimate":1035.6934615597754,"standard_error":0.7888320754970547},"std_dev":{"confidence_interval":{"confidence_level":0.95,"lower_bound":9.929976935578901,"upper_bound":62.75510086597003},"point_estimate":37.88881581198943,"standard_error":17.385031915269717}}