{"mean":{"confidence_interval":{"confidence_level":0.95,"lower_bound":368622.69222507667,"upper_bound":371115.9957664325},"point_estimate":369829.2387478581,"standard_error":634.5183915831069},"median":{"confidence_interval":{"confidence_level":0.95,"lower_bound":366387.5585585586,"upper_bound":368183.6820867305},"point_estimate":367372.541776896,"standard_error":416.6407527902483},"median_abs_dev":{"confidence_interval":{"confidence_level":0.95,"lower_bound":2757.661718778763,"upper_bound":5278.423815479648},"point_estimate":3967.784969430104,"standard_error":624.8769731747554},"slope":{"confidence_interval":{"confidence_level":0.95,"lower_bound":365793.96864351846,"upper_bound":366907.2686265558},"point_estimate":366313.3795438648,"standard_error":285.12017977257466},"std_dev":{"confidence_interval":{"confidence_level":0.95,"lower_bound":5215.226478308914,"upper_bound":7435.772482126216},"point_estimate":6369.384844776566,"standard_error":567.6461638808986}}