{"mean":{"confidence_interval":{"confidence_level":0.95,"lower_bound":20248.44230083634,"upper_bound":20374.932615122107},"point_estimate":20311.088529438945,"standard_error":32.298146136940076},"median":{"confidence_interval":{"confidence_level":0.95,"lower_bound":20277.49189814815,"upper_bound":20400.12491209564},"point_estimate":20355.551235257073,"standard_error":31.470059101908355},"median_abs_dev":{"confidence_interval":{"confidence_level":0.95,"lower_bound":182.284048847145,"upper_bound":311.77414093074765},"point_estimate":241.282446622632,"standard_error":33.99378836393711},"slope":{"confidence_interval":{"confidence_level":0.95,"lower_bound":20237.28704948233,"upper_bound":20385.712436437876},"point_estimate":20316.616760258115,"standard_error":38.02929759267672},"std_dev":{"confidence_interval":{"confidence_level":0.95,"lower_bound":249.19903323309975,"upper_bound":399.7671615073022},"point_estimate":325.20898546557623,"standard_error":38.67213512554305}}