{"mean":{"confidence_interval":{"confidence_level":0.95,"lower_bound":-0.02875232035595917,"upper_bound":0.03319946248701594},"point_estimate":0.003373988399958172,"standard_error":0.01589139802804701},"median":{"confidence_interval":{"confidence_level":0.95,"lower_bound":-0.018393021407061328,"upper_bound":0.03286351313274838},"point_estimate":0.009621598581516233,"standard_error":0.013525606215186338}}