{"mean":{"confidence_interval":{"confidence_level":0.95,"lower_bound":161900.19273470173,"upper_bound":167852.77745542864},"point_estimate":164859.72410389836,"standard_error":1516.6516331865319},"median":{"confidence_interval":{"confidence_level":0.95,"lower_bound":151737.96,"upper_bound":179271.61538461538},"point_estimate":152881.3551724138,"standard_error":7966.634886747668},"median_abs_dev":{"confidence_interval":{"confidence_level":0.95,"lower_bound":1596.6823423347578,"upper_bound":22362.07006607085},"point_estimate":3786.5659115714857,"standard_error":4446.766373257054},"slope":{"confidence_interval":{"confidence_level":0.95,"lower_bound":159811.28903534406,"upper_bound":167522.89609316963},"point_estimate":163590.45026110878,"standard_error":1968.0081352256223},"std_dev":{"confidence_interval":{"confidence_level":0.95,"lower_bound":14501.533703179277,"upper_bound":15643.072485309349},"point_estimate":15251.181716122304,"standard_error":287.39707431699355}}