{"mean":{"confidence_interval":{"confidence_level":0.95,"lower_bound":496168.90555620886,"upper_bound":497529.9933243981},"point_estimate":496849.62459504226,"standard_error":349.0425319056737},"median":{"confidence_interval":{"confidence_level":0.95,"lower_bound":496084.3004495505,"upper_bound":497636.0499249249},"point_estimate":496698.61748633883,"standard_error":399.5178213314552},"median_abs_dev":{"confidence_interval":{"confidence_level":0.95,"lower_bound":2196.98059255712,"upper_bound":4028.0011857380223},"point_estimate":3106.898964403261,"standard_error":481.9904445510467},"slope":{"confidence_interval":{"confidence_level":0.95,"lower_bound":494212.2122575022,"upper_bound":495963.9462920323},"point_estimate":495068.19349785725,"standard_error":446.3488244778283},"std_dev":{"confidence_interval":{"confidence_level":0.95,"lower_bound":2878.8971890466346,"upper_bound":4191.018081077117},"point_estimate":3523.360691884225,"standard_error":336.9772749801609}}