{"mean":{"confidence_interval":{"confidence_level":0.95,"lower_bound":645776.5767106423,"upper_bound":648586.1417762495},"point_estimate":647163.3654668643,"standard_error":718.2539071092835},"median":{"confidence_interval":{"confidence_level":0.95,"lower_bound":645686.9,"upper_bound":647883.2083333334},"point_estimate":646718.7123971798,"standard_error":478.45263395894705},"median_abs_dev":{"confidence_interval":{"confidence_level":0.95,"lower_bound":3955.228873609026,"upper_bound":9199.666793824952},"point_estimate":6712.147903416027,"standard_error":1240.5519208066341},"slope":{"confidence_interval":{"confidence_level":0.95,"lower_bound":641084.6808975606,"upper_bound":643422.2289816104},"point_estimate":642162.1619122211,"standard_error":594.5625347362022},"std_dev":{"confidence_interval":{"confidence_level":0.95,"lower_bound":6264.1204110815315,"upper_bound":8034.03768136719},"point_estimate":7231.483710799849,"standard_error":453.7085309115505}}