{"mean":{"confidence_interval":{"confidence_level":0.95,"lower_bound":-0.1083301998343198,"upper_bound":0.029878452133568115},"point_estimate":-0.041235584440323936,"standard_error":0.035036897345695615},"median":{"confidence_interval":{"confidence_level":0.95,"lower_bound":-0.045541496869405645,"upper_bound":-0.007847263379229141},"point_estimate":-0.02730458970782057,"standard_error":0.009775887587628002}}