{"mean":{"confidence_interval":{"confidence_level":0.95,"lower_bound":641660.0373167435,"upper_bound":642076.8967522786},"point_estimate":641845.651618766,"standard_error":106.78374237801705},"median":{"confidence_interval":{"confidence_level":0.95,"lower_bound":641352.2777777778,"upper_bound":641854.9705882353},"point_estimate":641702.0708333333,"standard_error":117.92073590007556},"median_abs_dev":{"confidence_interval":{"confidence_level":0.95,"lower_bound":508.29089813518834,"upper_bound":915.604980876897},"point_estimate":728.7460715621296,"standard_error":96.6806832432254},"slope":{"confidence_interval":{"confidence_level":0.95,"lower_bound":641522.4035567185,"upper_bound":641797.4921261221},"point_estimate":641658.1686751884,"standard_error":69.86078026605472},"std_dev":{"confidence_interval":{"confidence_level":0.95,"lower_bound":595.890897455517,"upper_bound":1579.1869178796076},"point_estimate":1071.1634669491393,"standard_error":292.0707340328858}}