{"mean":{"confidence_interval":{"confidence_level":0.95,"lower_bound":744503.5008877467,"upper_bound":755800.8120982174},"point_estimate":750094.4200114395,"standard_error":2871.190213749205},"median":{"confidence_interval":{"confidence_level":0.95,"lower_bound":727382.7884057971,"upper_bound":728925.8564814815},"point_estimate":727533.2735507246,"standard_error":5492.814832173589},"median_abs_dev":{"confidence_interval":{"confidence_level":0.95,"lower_bound":595.8536284189526,"upper_bound":3174.2722145897906},"point_estimate":967.8850712252723,"standard_error":3930.110447284803},"slope":{"confidence_interval":{"confidence_level":0.95,"lower_bound":743122.2651110159,"upper_bound":757717.9164251619},"point_estimate":750263.3412216147,"standard_error":3722.399248850071},"std_dev":{"confidence_interval":{"confidence_level":0.95,"lower_bound":26787.520545482053,"upper_bound":30294.24316574228},"point_estimate":28960.65844189716,"standard_error":894.0250036585685}}