{"mean":{"confidence_interval":{"confidence_level":0.95,"lower_bound":-0.05312749568777908,"upper_bound":-0.00849608734701832},"point_estimate":-0.03136074316330095,"standard_error":0.011405488187366227},"median":{"confidence_interval":{"confidence_level":0.95,"lower_bound":-0.052251126109641,"upper_bound":-0.012425671531974936},"point_estimate":-0.035499558752475346,"standard_error":0.010596946003801516}}