{"mean":{"confidence_interval":{"confidence_level":0.95,"lower_bound":14802.524486896235,"upper_bound":14842.582361556655},"point_estimate":14821.425358031633,"standard_error":10.241984223478429},"median":{"confidence_interval":{"confidence_level":0.95,"lower_bound":14781.830373545621,"upper_bound":14820.615110477547},"point_estimate":14793.713043478261,"standard_error":9.082435200533231},"median_abs_dev":{"confidence_interval":{"confidence_level":0.95,"lower_bound":50.62993860354463,"upper_bound":88.80657542713212},"point_estimate":69.77163821782766,"standard_error":9.948698132512265},"slope":{"confidence_interval":{"confidence_level":0.95,"lower_bound":14817.238326350162,"upper_bound":14845.065719988927},"point_estimate":14832.010062772662,"standard_error":7.103271650462958},"std_dev":{"confidence_interval":{"confidence_level":0.95,"lower_bound":65.51020711366485,"upper_bound":135.8131542574106},"point_estimate":102.44018862665065,"standard_error":18.211404896932734}}