{"mean":{"confidence_interval":{"confidence_level":0.95,"lower_bound":151561.33260109235,"upper_bound":154729.7360353487},"point_estimate":153121.21236922374,"standard_error":808.7810244674848},"median":{"confidence_interval":{"confidence_level":0.95,"lower_bound":150179.4311637081,"upper_bound":153389.76762820513},"point_estimate":151757.31716163584,"standard_error":919.3712883327652},"median_abs_dev":{"confidence_interval":{"confidence_level":0.95,"lower_bound":5858.6238924789905,"upper_bound":10162.443506941518},"point_estimate":8180.173678375366,"standard_error":1066.535435330788},"slope":{"confidence_interval":{"confidence_level":0.95,"lower_bound":151035.52654273732,"upper_bound":155123.30824751564},"point_estimate":153038.21964738378,"standard_error":1045.4358025086444},"std_dev":{"confidence_interval":{"confidence_level":0.95,"lower_bound":6935.213645320918,"upper_bound":9245.228602546911},"point_estimate":8173.7436374903045,"standard_error":591.4411278354661}}