{"mean":{"confidence_interval":{"confidence_level":0.95,"lower_bound":-0.017009119001897676,"upper_bound":0.013930149977782694},"point_estimate":-0.0014379425927735223,"standard_error":0.007803819191082989},"median":{"confidence_interval":{"confidence_level":0.95,"lower_bound":-0.016170177752341974,"upper_bound":0.016399469990192372},"point_estimate":0.0003049495706288763,"standard_error":0.008243087313174182}}