{"mean":{"confidence_interval":{"confidence_level":0.95,"lower_bound":12872.186778032596,"upper_bound":12901.51102278432},"point_estimate":12885.65002784883,"standard_error":7.48782662115173},"median":{"confidence_interval":{"confidence_level":0.95,"lower_bound":12853.348214285714,"upper_bound":12887.914695945947},"point_estimate":12867.761353989812,"standard_error":8.164635944219322},"median_abs_dev":{"confidence_interval":{"confidence_level":0.95,"lower_bound":36.10099739098407,"upper_bound":60.88714774525464},"point_estimate":48.82761019430118,"standard_error":6.26368459473695},"slope":{"confidence_interval":{"confidence_level":0.95,"lower_bound":12867.97292148578,"upper_bound":12888.234421994786},"point_estimate":12878.356478868036,"standard_error":5.168724568189313},"std_dev":{"confidence_interval":{"confidence_level":0.95,"lower_bound":45.700173052068116,"upper_bound":105.12868285252958},"point_estimate":75.3131042588489,"standard_error":15.83920018126466}}