{"mean":{"confidence_interval":{"confidence_level":0.95,"lower_bound":1220.1570522747847,"upper_bound":1286.1221178337462},"point_estimate":1253.5583564142216,"standard_error":16.922362637277214},"median":{"confidence_interval":{"confidence_level":0.95,"lower_bound":1236.1955484175378,"upper_bound":1332.296875},"point_estimate":1307.2383058176101,"standard_error":26.46667533946708},"median_abs_dev":{"confidence_interval":{"confidence_level":0.95,"lower_bound":126.00831182540529,"upper_bound":256.74339763845063},"point_estimate":190.4372632044257,"standard_error":33.26117077775611},"slope":{"confidence_interval":{"confidence_level":0.95,"lower_bound":1364.8898554484113,"upper_bound":1415.929412761037},"point_estimate":1391.9369922971775,"standard_error":12.988133423829916},"std_dev":{"confidence_interval":{"confidence_level":0.95,"lower_bound":154.08034591999953,"upper_bound":182.83565455037896},"point_estimate":169.73142941164755,"standard_error":7.351649939511617}}