{"mean":{"confidence_interval":{"confidence_level":0.95,"lower_bound":-0.024101191734303123,"upper_bound":0.019137208991187402},"point_estimate":-0.0010168781085082568,"standard_error":0.01107687975946608},"median":{"confidence_interval":{"confidence_level":0.95,"lower_bound":-0.017147665465085282,"upper_bound":0.02345258968128605},"point_estimate":0.004192486163431264,"standard_error":0.010408642238462927}}