{"mean":{"confidence_interval":{"confidence_level":0.95,"lower_bound":764995.382253352,"upper_bound":876739.3764488084},"point_estimate":811961.5927238542,"standard_error":28957.848609451234},"median":{"confidence_interval":{"confidence_level":0.95,"lower_bound":724031.6609195402,"upper_bound":747919.2835365854},"point_estimate":732086.8864705882,"standard_error":6183.323398550632},"median_abs_dev":{"confidence_interval":{"confidence_level":0.95,"lower_bound":17837.124773447827,"upper_bound":47693.42377698752},"point_estimate":27778.162239423986,"standard_error":7631.962115648611},"slope":{"confidence_interval":{"confidence_level":0.95,"lower_bound":718773.2720936871,"upper_bound":723960.4837374405},"point_estimate":721039.7143904241,"standard_error":1325.786403145572},"std_dev":{"confidence_interval":{"confidence_level":0.95,"lower_bound":97868.37467227431,"upper_bound":455909.3307415387},"point_estimate":289896.6352417339,"standard_error":100224.40452827503}}