{"mean":{"confidence_interval":{"confidence_level":0.95,"lower_bound":5161.554427949822,"upper_bound":5207.423443188252},"point_estimate":5182.290170720002,"standard_error":11.680087576703146},"median":{"confidence_interval":{"confidence_level":0.95,"lower_bound":5180.307484567901,"upper_bound":5202.168078898227},"point_estimate":5193.087349033816,"standard_error":6.403643493564432},"median_abs_dev":{"confidence_interval":{"confidence_level":0.95,"lower_bound":35.69085147895001,"upper_bound":78.82374329003726},"point_estimate":54.81922517096391,"standard_error":11.81898772528468},"slope":{"confidence_interval":{"confidence_level":0.95,"lower_bound":5197.2956029015695,"upper_bound":5211.098998503261},"point_estimate":5204.64631069077,"standard_error":3.5315878520654205},"std_dev":{"confidence_interval":{"confidence_level":0.95,"lower_bound":70.29727187308714,"upper_bound":169.58751951964382},"point_estimate":116.92811067498388,"standard_error":29.15449878578228}}