{"mean":{"confidence_interval":{"confidence_level":0.95,"lower_bound":-0.05914412173542199,"upper_bound":0.05793411192997514},"point_estimate":0.001746680380697141,"standard_error":0.02991447469032156},"median":{"confidence_interval":{"confidence_level":0.95,"lower_bound":-0.029981977404393345,"upper_bound":0.02143553914974361},"point_estimate":-0.005486827403545336,"standard_error":0.013290428589676868}}