{"mean":{"confidence_interval":{"confidence_level":0.95,"lower_bound":1431.3907950898881,"upper_bound":1461.6248436564538},"point_estimate":1446.817010555345,"standard_error":7.727135555825774},"median":{"confidence_interval":{"confidence_level":0.95,"lower_bound":1472.547322877231,"upper_bound":1500.5932426502852},"point_estimate":1497.578285764623,"standard_error":7.730338859927314},"median_abs_dev":{"confidence_interval":{"confidence_level":0.95,"lower_bound":12.269038087734073,"upper_bound":56.52794784553096},"point_estimate":19.126447973111166,"standard_error":11.5293269619717},"slope":{"confidence_interval":{"confidence_level":0.95,"lower_bound":1492.509251017672,"upper_bound":1499.924421536154},"point_estimate":1496.7015660129011,"standard_error":1.8933823761918067},"std_dev":{"confidence_interval":{"confidence_level":0.95,"lower_bound":68.45352685727234,"upper_bound":84.16116532798766},"point_estimate":77.45747081584567,"standard_error":4.035422974188051}}