{"mean":{"confidence_interval":{"confidence_level":0.95,"lower_bound":1790.6318668081708,"upper_bound":1821.8823274609706},"point_estimate":1806.541318549652,"standard_error":7.997617607255554},"median":{"confidence_interval":{"confidence_level":0.95,"lower_bound":1830.801393728223,"upper_bound":1856.2687427409987},"point_estimate":1850.525058356676,"standard_error":6.6112752150161525},"median_abs_dev":{"confidence_interval":{"confidence_level":0.95,"lower_bound":18.696535089356153,"upper_bound":61.83177323578935},"point_estimate":30.515279940517253,"standard_error":11.0969788857546},"slope":{"confidence_interval":{"confidence_level":0.95,"lower_bound":1851.0816576394707,"upper_bound":1860.4073281715268},"point_estimate":1856.0783164798356,"standard_error":2.3742293273281336},"std_dev":{"confidence_interval":{"confidence_level":0.95,"lower_bound":70.36871087481099,"upper_bound":88.57922456988763},"point_estimate":80.47685822275328,"standard_error":4.62880127031015}}