{"mean":{"confidence_interval":{"confidence_level":0.95,"lower_bound":11161.747869144529,"upper_bound":11812.492835011357},"point_estimate":11486.463612199184,"standard_error":162.33139672014096},"median":{"confidence_interval":{"confidence_level":0.95,"lower_bound":10057.965595565756,"upper_bound":13299.715373459028},"point_estimate":10068.42604960698,"standard_error":982.6165029266665},"median_abs_dev":{"confidence_interval":{"confidence_level":0.95,"lower_bound":34.56027949718475,"upper_bound":2413.514285889445},"point_estimate":58.313004157341005,"standard_error":453.8267624009775},"slope":{"confidence_interval":{"confidence_level":0.95,"lower_bound":11243.925744188535,"upper_bound":12098.80252564314},"point_estimate":11677.257334466532,"standard_error":218.09046375968137},"std_dev":{"confidence_interval":{"confidence_level":0.95,"lower_bound":1556.715261682376,"upper_bound":1642.525658866591},"point_estimate":1629.4696762930196,"standard_error":23.12002630297983}}