{"mean":{"confidence_interval":{"confidence_level":0.95,"lower_bound":1934.9403348078476,"upper_bound":2030.5936542054028},"point_estimate":1977.5434584074474,"standard_error":24.458365739008403},"median":{"confidence_interval":{"confidence_level":0.95,"lower_bound":1913.157963267544,"upper_bound":1962.533143939394},"point_estimate":1935.6280790441176,"standard_error":12.577850026802086},"median_abs_dev":{"confidence_interval":{"confidence_level":0.95,"lower_bound":88.82406180206169,"upper_bound":152.1315132461275},"point_estimate":112.85753310948051,"standard_error":16.1584790052874},"slope":{"confidence_interval":{"confidence_level":0.95,"lower_bound":1875.7007693828,"upper_bound":1960.5025824037634},"point_estimate":1915.9176994052018,"standard_error":21.771447154722672},"std_dev":{"confidence_interval":{"confidence_level":0.95,"lower_bound":132.538873714593,"upper_bound":362.98584349978825},"point_estimate":244.60519410675997,"standard_error":67.59132025717426}}