{"mean":{"confidence_interval":{"confidence_level":0.95,"lower_bound":16023.986213836113,"upper_bound":16084.640693927317},"point_estimate":16050.992852232777,"standard_error":15.597395293094552},"median":{"confidence_interval":{"confidence_level":0.95,"lower_bound":16019.03492063492,"upper_bound":16052.011666666665},"point_estimate":16039.976674737693,"standard_error":8.667134501163916},"median_abs_dev":{"confidence_interval":{"confidence_level":0.95,"lower_bound":61.549055683601985,"upper_bound":114.79862331663925},"point_estimate":78.77102903986071,"standard_error":13.456815904515976},"slope":{"confidence_interval":{"confidence_level":0.95,"lower_bound":16047.906227530524,"upper_bound":16072.8485453267},"point_estimate":16061.063955765725,"standard_error":6.321085679722941},"std_dev":{"confidence_interval":{"confidence_level":0.95,"lower_bound":80.83515890052544,"upper_bound":230.17188643379293},"point_estimate":156.00216283137274,"standard_error":41.004921753895296}}