{"mean":{"confidence_interval":{"confidence_level":0.95,"lower_bound":209447.86903759337,"upper_bound":210051.30513960234},"point_estimate":209717.64544906712,"standard_error":155.32273741042408},"median":{"confidence_interval":{"confidence_level":0.95,"lower_bound":209123.23024054983,"upper_bound":209498.42983502283},"point_estimate":209263.17105263157,"standard_error":105.50313947870532},"median_abs_dev":{"confidence_interval":{"confidence_level":0.95,"lower_bound":386.03142316733505,"upper_bound":792.6157510609324},"point_estimate":550.7616082855252,"standard_error":108.67704349115189},"slope":{"confidence_interval":{"confidence_level":0.95,"lower_bound":209035.27661174187,"upper_bound":209392.08155996355},"point_estimate":209171.14031722574,"standard_error":94.07748700412986},"std_dev":{"confidence_interval":{"confidence_level":0.95,"lower_bound":615.4439579968542,"upper_bound":2235.977278767525},"point_estimate":1562.5223169804208,"standard_error":393.76639750442143}}