{"mean":{"confidence_interval":{"confidence_level":0.95,"lower_bound":64155.50808741507,"upper_bound":64546.874552384485},"point_estimate":64348.094462565445,"standard_error":99.38301886407434},"median":{"confidence_interval":{"confidence_level":0.95,"lower_bound":64289.899671052626,"upper_bound":64603.261415525114},"point_estimate":64482.042518028844,"standard_error":73.22208175947648},"median_abs_dev":{"confidence_interval":{"confidence_level":0.95,"lower_bound":552.3829495696056,"upper_bound":925.6741466399092},"point_estimate":725.1240289493134,"standard_error":97.72904473456519},"slope":{"confidence_interval":{"confidence_level":0.95,"lower_bound":63962.86924719892,"upper_bound":64400.71930443317},"point_estimate":64170.193744150536,"standard_error":111.21336619405089},"std_dev":{"confidence_interval":{"confidence_level":0.95,"lower_bound":740.657722382796,"upper_bound":1290.5437652147386},"point_estimate":999.7490786694174,"standard_error":145.1574314895389}}