{"mean":{"confidence_interval":{"confidence_level":0.95,"lower_bound":0.01548241212809132,"upper_bound":0.09858792109382872},"point_estimate":0.05244268455400336,"standard_error":0.021253839465922252},"median":{"confidence_interval":{"confidence_level":0.95,"lower_bound":-0.0044413283974999995,"upper_bound":0.05527848831031257},"point_estimate":0.03276560550293395,"standard_error":0.015408132047890847}}