{"mean":{"confidence_interval":{"confidence_level":0.95,"lower_bound":13753.457280995653,"upper_bound":13795.81458770698},"point_estimate":13774.449271058964,"standard_error":10.789326190974295},"median":{"confidence_interval":{"confidence_level":0.95,"lower_bound":13718.917788461538,"upper_bound":13792.946174863388},"point_estimate":13755.302849210988,"standard_error":19.98630782889652},"median_abs_dev":{"confidence_interval":{"confidence_level":0.95,"lower_bound":92.84478625301274,"upper_bound":157.91765861932686},"point_estimate":128.80602460512776,"standard_error":16.721624435656086},"slope":{"confidence_interval":{"confidence_level":0.95,"lower_bound":13828.80493357412,"upper_bound":13870.750354166066},"point_estimate":13851.854479680804,"standard_error":10.751443155496787},"std_dev":{"confidence_interval":{"confidence_level":0.95,"lower_bound":97.39868577124653,"upper_bound":117.9138911814834},"point_estimate":108.41826154187889,"standard_error":5.251675654213115}}