{"mean":{"confidence_interval":{"confidence_level":0.95,"lower_bound":152578.86117427636,"upper_bound":153208.41280612446},"point_estimate":152882.02273368472,"standard_error":160.0282758233587},"median":{"confidence_interval":{"confidence_level":0.95,"lower_bound":152364.5,"upper_bound":153010.70189183523},"point_estimate":152723.68335760623,"standard_error":181.7362105848259},"median_abs_dev":{"confidence_interval":{"confidence_level":0.95,"lower_bound":1044.7777168246128,"upper_bound":1647.288712478901},"point_estimate":1357.584055871055,"standard_error":147.8304726198708},"slope":{"confidence_interval":{"confidence_level":0.95,"lower_bound":152672.28669600078,"upper_bound":153356.39826893416},"point_estimate":152994.17021596403,"standard_error":175.3115831188862},"std_dev":{"confidence_interval":{"confidence_level":0.95,"lower_bound":1200.1601698332915,"upper_bound":2008.2556471507864},"point_estimate":1601.44423211121,"standard_error":209.2334026367809}}