{"mean":{"confidence_interval":{"confidence_level":0.95,"lower_bound":311063.18446675653,"upper_bound":333642.5030568439},"point_estimate":320555.2459089679,"standard_error":5847.787268809322},"median":{"confidence_interval":{"confidence_level":0.95,"lower_bound":302800.7755102041,"upper_bound":307359.3359073359},"point_estimate":304206.6314733039,"standard_error":1139.3596114376824},"median_abs_dev":{"confidence_interval":{"confidence_level":0.95,"lower_bound":4016.829327945602,"upper_bound":9462.015927805638},"point_estimate":5811.762783643096,"standard_error":1350.0551393987978},"slope":{"confidence_interval":{"confidence_level":0.95,"lower_bound":301579.39654095785,"upper_bound":302840.7975170886},"point_estimate":302140.80317338347,"standard_error":322.98048632857825},"std_dev":{"confidence_interval":{"confidence_level":0.95,"lower_bound":20273.509906472642,"upper_bound":92269.83651926952},"point_estimate":58787.00781243001,"standard_error":20154.315552322067}}