{"mean":{"confidence_interval":{"confidence_level":0.95,"lower_bound":13539.748039086118,"upper_bound":13584.522559185452},"point_estimate":13561.629732490666,"standard_error":11.39359485272928},"median":{"confidence_interval":{"confidence_level":0.95,"lower_bound":13510.487,"upper_bound":13584.81000877963},"point_estimate":13540.978333333333,"standard_error":19.977208461261004},"median_abs_dev":{"confidence_interval":{"confidence_level":0.95,"lower_bound":102.54831891624512,"upper_bound":159.39802499609505},"point_estimate":141.63890780813998,"standard_error":15.119740855125563},"slope":{"confidence_interval":{"confidence_level":0.95,"lower_bound":13603.753216668298,"upper_bound":13643.572763633203},"point_estimate":13625.663252992463,"standard_error":10.158766938030835},"std_dev":{"confidence_interval":{"confidence_level":0.95,"lower_bound":97.02022990073473,"upper_bound":132.37856821239774},"point_estimate":114.40022487314575,"standard_error":9.114960095475896}}