{"mean":{"confidence_interval":{"confidence_level":0.95,"lower_bound":-0.05269222364646085,"upper_bound":-0.0015441395526471819},"point_estimate":-0.027291054317594376,"standard_error":0.013211216889648795},"median":{"confidence_interval":{"confidence_level":0.95,"lower_bound":-0.051041389213973054,"upper_bound":-0.00550705538618727},"point_estimate":-0.033410305798647344,"standard_error":0.011300078043468326}}