{"mean":{"confidence_interval":{"confidence_level":0.95,"lower_bound":97667.07089075127,"upper_bound":97780.98488630915},"point_estimate":97721.74178720817,"standard_error":29.10510814289008},"median":{"confidence_interval":{"confidence_level":0.95,"lower_bound":97601.87524366472,"upper_bound":97739.1899641577},"point_estimate":97677.9375,"standard_error":38.284686750880894},"median_abs_dev":{"confidence_interval":{"confidence_level":0.95,"lower_bound":195.37349620045802,"upper_bound":314.4395491398092},"point_estimate":267.8251826135812,"standard_error":30.49492248469062},"slope":{"confidence_interval":{"confidence_level":0.95,"lower_bound":97496.94367372044,"upper_bound":97558.6558541706},"point_estimate":97525.2040533307,"standard_error":15.782537031672348},"std_dev":{"confidence_interval":{"confidence_level":0.95,"lower_bound":221.5927299627063,"upper_bound":364.97309772943464},"point_estimate":292.8124149018681,"standard_error":37.09176589062266}}