{"mean":{"confidence_interval":{"confidence_level":0.95,"lower_bound":214126.21058954395,"upper_bound":214346.42416789194},"point_estimate":214230.0235896869,"standard_error":56.27367111237401},"median":{"confidence_interval":{"confidence_level":0.95,"lower_bound":214006.23684210525,"upper_bound":214168.39130434784},"point_estimate":214094.46102941176,"standard_error":43.05320299699077},"median_abs_dev":{"confidence_interval":{"confidence_level":0.95,"lower_bound":251.51160280558477,"upper_bound":409.81788786533014},"point_estimate":331.0365342038923,"standard_error":40.742284678101214},"slope":{"confidence_interval":{"confidence_level":0.95,"lower_bound":213870.2951836663,"upper_bound":213961.38655733486},"point_estimate":213912.28122358504,"standard_error":23.301082892114824},"std_dev":{"confidence_interval":{"confidence_level":0.95,"lower_bound":396.1726080294971,"upper_bound":706.9788259818396},"point_estimate":562.8799089874783,"standard_error":79.66006962736476}}