{"mean":{"confidence_interval":{"confidence_level":0.95,"lower_bound":129349.82137952969,"upper_bound":130227.16461555497},"point_estimate":129698.83006305761,"standard_error":231.49223106283625},"median":{"confidence_interval":{"confidence_level":0.95,"lower_bound":129159.03703703704,"upper_bound":129589.52827380953},"point_estimate":129367.3825530212,"standard_error":125.45158946100729},"median_abs_dev":{"confidence_interval":{"confidence_level":0.95,"lower_bound":597.1607452806311,"upper_bound":1040.7300905366446},"point_estimate":766.7206358764696,"standard_error":116.71806115317128},"slope":{"confidence_interval":{"confidence_level":0.95,"lower_bound":129587.32180422118,"upper_bound":131308.09977990517},"point_estimate":130224.3456529235,"standard_error":478.0600262794696},"std_dev":{"confidence_interval":{"confidence_level":0.95,"lower_bound":756.8805477359009,"upper_bound":3807.6384202533395},"point_estimate":2330.9320756746683,"standard_error":1005.3706470893435}}