{"mean":{"confidence_interval":{"confidence_level":0.95,"lower_bound":167123.6804538828,"upper_bound":167342.1054521509},"point_estimate":167220.33041980973,"standard_error":55.7768032366392},"median":{"confidence_interval":{"confidence_level":0.95,"lower_bound":167146.860414866,"upper_bound":167241.29552881757},"point_estimate":167205.19704360678,"standard_error":28.409334139021677},"median_abs_dev":{"confidence_interval":{"confidence_level":0.95,"lower_bound":159.53489558444807,"upper_bound":264.5786744839148},"point_estimate":213.3752828825625,"standard_error":27.855739804657563},"slope":{"confidence_interval":{"confidence_level":0.95,"lower_bound":167184.86632959498,"upper_bound":167284.3545920475},"point_estimate":167233.31350130535,"standard_error":25.269720526222212},"std_dev":{"confidence_interval":{"confidence_level":0.95,"lower_bound":277.9900713285213,"upper_bound":860.2700322612889},"point_estimate":562.5925977446554,"standard_error":173.015414727846}}