{"mean":{"confidence_interval":{"confidence_level":0.95,"lower_bound":46785.582167852896,"upper_bound":46906.42653645226},"point_estimate":46843.33055737032,"standard_error":30.909018956288502},"median":{"confidence_interval":{"confidence_level":0.95,"lower_bound":46635.26958748615,"upper_bound":47043.03676860996},"point_estimate":46976.25747840864,"standard_error":162.36964548359762},"median_abs_dev":{"confidence_interval":{"confidence_level":0.95,"lower_bound":79.04886751581765,"upper_bound":402.14611849606354},"point_estimate":335.3851695225996,"standard_error":87.47791411562285},"slope":{"confidence_interval":{"confidence_level":0.95,"lower_bound":46766.91083934621,"upper_bound":46901.739274963846},"point_estimate":46833.53037847832,"standard_error":34.44972563277025},"std_dev":{"confidence_interval":{"confidence_level":0.95,"lower_bound":239.8962746998303,"upper_bound":409.12143524834863},"point_estimate":310.2659075167001,"standard_error":53.137220889933886}}