{"mean":{"confidence_interval":{"confidence_level":0.95,"lower_bound":249893.9909636441,"upper_bound":251119.51060251225},"point_estimate":250509.26414966007,"standard_error":313.5738674177414},"median":{"confidence_interval":{"confidence_level":0.95,"lower_bound":250468.31362922234,"upper_bound":251559.65384615384},"point_estimate":251215.78148301574,"standard_error":243.5742196823813},"median_abs_dev":{"confidence_interval":{"confidence_level":0.95,"lower_bound":1678.5099009473379,"upper_bound":2955.2457456542047},"point_estimate":2125.4426504709654,"standard_error":321.99342866816573},"slope":{"confidence_interval":{"confidence_level":0.95,"lower_bound":249906.93546280204,"upper_bound":251323.62871392962},"point_estimate":250586.73849268508,"standard_error":361.63032556588695},"std_dev":{"confidence_interval":{"confidence_level":0.95,"lower_bound":2459.1901613225573,"upper_bound":3803.055740044364},"point_estimate":3153.146470766054,"standard_error":343.1048014889084}}