{"mean":{"confidence_interval":{"confidence_level":0.95,"lower_bound":-0.10782616275076605,"upper_bound":0.026743629110126364},"point_estimate":-0.04922635113619522,"standard_error":0.03408400210449387},"median":{"confidence_interval":{"confidence_level":0.95,"lower_bound":-0.08193446273718585,"upper_bound":-0.0423763733192057},"point_estimate":-0.06499209200217193,"standard_error":0.010224172808829762}}