{"mean":{"confidence_interval":{"confidence_level":0.95,"lower_bound":-0.011789467741048942,"upper_bound":0.03298323929428415},"point_estimate":0.010794344766040798,"standard_error":0.011412249025974958},"median":{"confidence_interval":{"confidence_level":0.95,"lower_bound":-0.008395596456289622,"upper_bound":0.038704975208644576},"point_estimate":0.013416590720708665,"standard_error":0.011889901475788407}}