{"mean":{"confidence_interval":{"confidence_level":0.95,"lower_bound":10164.374299151796,"upper_bound":10755.78073577429},"point_estimate":10457.61199902591,"standard_error":150.97985852650552},"median":{"confidence_interval":{"confidence_level":0.95,"lower_bound":9161.511702604754,"upper_bound":12090.69894754018},"point_estimate":9172.238231832893,"standard_error":754.0311573889962},"median_abs_dev":{"confidence_interval":{"confidence_level":0.95,"lower_bound":15.856603454450534,"upper_bound":2189.4684350738307},"point_estimate":34.58486375079849,"standard_error":537.7557039407178},"slope":{"confidence_interval":{"confidence_level":0.95,"lower_bound":10093.615979007287,"upper_bound":10870.811374611862},"point_estimate":10481.44812039007,"standard_error":198.06739997836854},"std_dev":{"confidence_interval":{"confidence_level":0.95,"lower_bound":1419.864578786332,"upper_bound":1616.1279939070623},"point_estimate":1520.81570836524,"standard_error":51.47995566529771}}