{"mean":{"confidence_interval":{"confidence_level":0.95,"lower_bound":5464.396601379793,"upper_bound":5700.963779891291},"point_estimate":5575.221982664912,"standard_error":60.441157056707624},"median":{"confidence_interval":{"confidence_level":0.95,"lower_bound":5315.8903948535935,"upper_bound":5555.307288629738},"point_estimate":5440.040966386555,"standard_error":56.15406675833879},"median_abs_dev":{"confidence_interval":{"confidence_level":0.95,"lower_bound":353.6478954227933,"upper_bound":606.9795387272554},"point_estimate":487.64471212688943,"standard_error":62.615465449197245},"slope":{"confidence_interval":{"confidence_level":0.95,"lower_bound":5637.629486868311,"upper_bound":5900.7366743573475},"point_estimate":5765.699685701619,"standard_error":67.36886306332342},"std_dev":{"confidence_interval":{"confidence_level":0.95,"lower_bound":430.4668082808649,"upper_bound":786.5748725093342},"point_estimate":603.9698201603766,"standard_error":93.43241666932158}}