{"mean":{"confidence_interval":{"confidence_level":0.95,"lower_bound":576967.5241853321,"upper_bound":583026.3371204553},"point_estimate":580037.0151567139,"standard_error":1544.0666681096573},"median":{"confidence_interval":{"confidence_level":0.95,"lower_bound":583420.3493589744,"upper_bound":586928.5942464161},"point_estimate":586317.6829404269,"standard_error":788.6199297388002},"median_abs_dev":{"confidence_interval":{"confidence_level":0.95,"lower_bound":10132.700010777344,"upper_bound":17703.127202500084},"point_estimate":11494.176235838719,"standard_error":1849.9522968968733},"slope":{"confidence_interval":{"confidence_level":0.95,"lower_bound":574518.3244043897,"upper_bound":582803.0826108464},"point_estimate":578710.4823341215,"standard_error":2112.5367565303754},"std_dev":{"confidence_interval":{"confidence_level":0.95,"lower_bound":13921.037194295546,"upper_bound":16426.06884025846},"point_estimate":15416.67784655353,"standard_error":639.6678128779475}}