{"mean":{"confidence_interval":{"confidence_level":0.95,"lower_bound":1912.3519379606553,"upper_bound":1939.0645439937996},"point_estimate":1925.7290101138167,"standard_error":6.812732552932653},"median":{"confidence_interval":{"confidence_level":0.95,"lower_bound":1925.891156462585,"upper_bound":1963.3465091299677},"point_estimate":1958.0525263490308,"standard_error":9.365064363480501},"median_abs_dev":{"confidence_interval":{"confidence_level":0.95,"lower_bound":23.971861305680765,"upper_bound":81.61312149767886},"point_estimate":45.4008841528919,"standard_error":14.532558241907651},"slope":{"confidence_interval":{"confidence_level":0.95,"lower_bound":1959.9075476224823,"upper_bound":1974.7457229188944},"point_estimate":1967.6254320034502,"standard_error":3.8085292782434466},"std_dev":{"confidence_interval":{"confidence_level":0.95,"lower_bound":59.479060892952155,"upper_bound":76.98602992743623},"point_estimate":68.05681165845698,"standard_error":4.4919241322377275}}