{"mean":{"confidence_interval":{"confidence_level":0.95,"lower_bound":284984.6584139672,"upper_bound":286187.43009514024},"point_estimate":285498.29728144757,"standard_error":311.67484442940207},"median":{"confidence_interval":{"confidence_level":0.95,"lower_bound":284399.7842478198,"upper_bound":284932.24305555556},"point_estimate":284624.41448382125,"standard_error":127.30510892669461},"median_abs_dev":{"confidence_interval":{"confidence_level":0.95,"lower_bound":488.6338929060754,"upper_bound":1032.05443585377},"point_estimate":742.0552597425393,"standard_error":125.09259523748338},"slope":{"confidence_interval":{"confidence_level":0.95,"lower_bound":284335.11184990394,"upper_bound":286402.08210455853},"point_estimate":285137.07699867,"standard_error":544.9057007707523},"std_dev":{"confidence_interval":{"confidence_level":0.95,"lower_bound":1352.5715371708568,"upper_bound":4846.200174953422},"point_estimate":3127.0064517132523,"standard_error":1051.660399029231}}