{"mean":{"confidence_interval":{"confidence_level":0.95,"lower_bound":181013.3281650528,"upper_bound":181900.57314392694},"point_estimate":181426.57871862955,"standard_error":226.69102376313606},"median":{"confidence_interval":{"confidence_level":0.95,"lower_bound":180512.77551020408,"upper_bound":181504.9599762982},"point_estimate":180911.98970760236,"standard_error":259.09371947162},"median_abs_dev":{"confidence_interval":{"confidence_level":0.95,"lower_bound":1162.6684804649415,"upper_bound":1758.2712098579896},"point_estimate":1481.7610051479219,"standard_error":153.26954522088485},"slope":{"confidence_interval":{"confidence_level":0.95,"lower_bound":181179.13737901076,"upper_bound":182155.4242510111},"point_estimate":181646.93506132704,"standard_error":248.50775465100986},"std_dev":{"confidence_interval":{"confidence_level":0.95,"lower_bound":1510.0187796990972,"upper_bound":3030.334981091019},"point_estimate":2281.0094007604775,"standard_error":396.65869500733044}}