{"mean":{"confidence_interval":{"confidence_level":0.95,"lower_bound":325754.0995314454,"upper_bound":348766.5207914585},"point_estimate":335481.97175576823,"standard_error":5967.0763311222145},"median":{"confidence_interval":{"confidence_level":0.95,"lower_bound":317831.7724867725,"upper_bound":321566.6900644468},"point_estimate":318867.3045336556,"standard_error":963.1378778349648},"median_abs_dev":{"confidence_interval":{"confidence_level":0.95,"lower_bound":4261.7207602047065,"upper_bound":9368.300737195903},"point_estimate":6569.646381941141,"standard_error":1323.4358720154944},"slope":{"confidence_interval":{"confidence_level":0.95,"lower_bound":316358.88794008124,"upper_bound":319794.3613199473},"point_estimate":317672.0858844392,"standard_error":907.436977503203},"std_dev":{"confidence_interval":{"confidence_level":0.95,"lower_bound":19858.43533396154,"upper_bound":94227.07211730671},"point_estimate":60040.539399837005,"standard_error":20758.069478789006}}