{"mean":{"confidence_interval":{"confidence_level":0.95,"lower_bound":1954.4560200544336,"upper_bound":1977.5458513213464},"point_estimate":1966.2941635673558,"standard_error":5.899601894990535},"median":{"confidence_interval":{"confidence_level":0.95,"lower_bound":1993.3248514816887,"upper_bound":2002.5352891156463},"point_estimate":2000.7310717556252,"standard_error":2.80997972580058},"median_abs_dev":{"confidence_interval":{"confidence_level":0.95,"lower_bound":8.789300049103218,"upper_bound":29.862118599782107},"point_estimate":17.108886438788563,"standard_error":5.584213160754684},"slope":{"confidence_interval":{"confidence_level":0.95,"lower_bound":1996.6626444585254,"upper_bound":2001.8740518866423},"point_estimate":1999.4938794208388,"standard_error":1.322641745908887},"std_dev":{"confidence_interval":{"confidence_level":0.95,"lower_bound":50.582994066736454,"upper_bound":65.51699967162945},"point_estimate":59.13979933862559,"standard_error":3.8199851119281303}}