{"mean":{"confidence_interval":{"confidence_level":0.95,"lower_bound":16914.695104274746,"upper_bound":16953.055077438417},"point_estimate":16932.9013769843,"standard_error":9.777207707417245},"median":{"confidence_interval":{"confidence_level":0.95,"lower_bound":16921.86603338868,"upper_bound":16971.26052918571},"point_estimate":16947.064340156125,"standard_error":14.383836270150738},"median_abs_dev":{"confidence_interval":{"confidence_level":0.95,"lower_bound":52.956179941064555,"upper_bound":104.19094302336734},"point_estimate":82.46784463927823,"standard_error":14.216183214389098},"slope":{"confidence_interval":{"confidence_level":0.95,"lower_bound":16963.017374559095,"upper_bound":16982.824387881592},"point_estimate":16973.74243728439,"standard_error":5.04432829973494},"std_dev":{"confidence_interval":{"confidence_level":0.95,"lower_bound":71.00024250113339,"upper_bound":132.0368593915437},"point_estimate":97.89603507775686,"standard_error":17.871209746519632}}