{"mean":{"confidence_interval":{"confidence_level":0.95,"lower_bound":2745417.7962447936,"upper_bound":2747513.5884867953},"point_estimate":2746394.7491706647,"standard_error":538.0966990459194},"median":{"confidence_interval":{"confidence_level":0.95,"lower_bound":2744902.0833333335,"upper_bound":2747049.6},"point_estimate":2746075.8523002425,"standard_error":533.0963997775821},"median_abs_dev":{"confidence_interval":{"confidence_level":0.95,"lower_bound":2534.2235796538116,"upper_bound":4303.048144575479},"point_estimate":3094.201782019081,"standard_error":453.3299953299298},"slope":{"confidence_interval":{"confidence_level":0.95,"lower_bound":2745545.8064946076,"upper_bound":2747101.781948622},"point_estimate":2746323.000984188,"standard_error":398.9666950686514},"std_dev":{"confidence_interval":{"confidence_level":0.95,"lower_bound":3294.390209557944,"upper_bound":7389.487178159502},"point_estimate":5385.917735638254,"standard_error":1077.1204111020222}}