{"mean":{"confidence_interval":{"confidence_level":0.95,"lower_bound":145423.06070754965,"upper_bound":145545.56075891145},"point_estimate":145481.3084503698,"standard_error":31.391360714578347},"median":{"confidence_interval":{"confidence_level":0.95,"lower_bound":145371.61426051904,"upper_bound":145501.51260504202},"point_estimate":145432.98376482274,"standard_error":35.38019800705276},"median_abs_dev":{"confidence_interval":{"confidence_level":0.95,"lower_bound":169.32771747577553,"upper_bound":266.625602492804},"point_estimate":211.3368602480219,"standard_error":24.929591202682744},"slope":{"confidence_interval":{"confidence_level":0.95,"lower_bound":145393.5366434304,"upper_bound":145496.95968544352},"point_estimate":145442.86766239523,"standard_error":26.286349071422155},"std_dev":{"confidence_interval":{"confidence_level":0.95,"lower_bound":221.5217187691063,"upper_bound":416.99299916100745},"point_estimate":316.9362436574434,"standard_error":51.35017182547975}}