{"mean":{"confidence_interval":{"confidence_level":0.95,"lower_bound":10569.73451827638,"upper_bound":10597.026292459315},"point_estimate":10582.448639403021,"standard_error":6.953461269656026},"median":{"confidence_interval":{"confidence_level":0.95,"lower_bound":10557.320936532507,"upper_bound":10577.798611111111},"point_estimate":10564.887753140221,"standard_error":5.188967201377713},"median_abs_dev":{"confidence_interval":{"confidence_level":0.95,"lower_bound":31.85579546514795,"upper_bound":58.9243047708772},"point_estimate":44.03799516230224,"standard_error":7.044141360868729},"slope":{"confidence_interval":{"confidence_level":0.95,"lower_bound":10560.443215581492,"upper_bound":10583.310536288478},"point_estimate":10571.799692133392,"standard_error":5.834703285497831},"std_dev":{"confidence_interval":{"confidence_level":0.95,"lower_bound":47.24808641316875,"upper_bound":95.41181751748576},"point_estimate":70.01893574095651,"standard_error":13.404107572534993}}