{"mean":{"confidence_interval":{"confidence_level":0.95,"lower_bound":14449.721810469518,"upper_bound":14499.75694242049},"point_estimate":14473.34733444419,"standard_error":12.781711528005514},"median":{"confidence_interval":{"confidence_level":0.95,"lower_bound":14436.486291486292,"upper_bound":14508.97667989418},"point_estimate":14489.646210596915,"standard_error":20.013316835914313},"median_abs_dev":{"confidence_interval":{"confidence_level":0.95,"lower_bound":86.61370679663466,"upper_bound":145.64317579145072},"point_estimate":119.26351508695076,"standard_error":15.722509962969083},"slope":{"confidence_interval":{"confidence_level":0.95,"lower_bound":14511.75766533115,"upper_bound":14589.50691388229},"point_estimate":14544.037861892799,"standard_error":21.132751879638228},"std_dev":{"confidence_interval":{"confidence_level":0.95,"lower_bound":90.08385677440027,"upper_bound":172.48249946242368},"point_estimate":128.1996694991804,"standard_error":22.643134749638858}}