{"mean":{"confidence_interval":{"confidence_level":0.95,"lower_bound":17211.28909879002,"upper_bound":17251.20870903505},"point_estimate":17230.855804156534,"standard_error":10.193441002453264},"median":{"confidence_interval":{"confidence_level":0.95,"lower_bound":17187.035714285714,"upper_bound":17255.1477124183},"point_estimate":17212.158449370087,"standard_error":17.867590089585047},"median_abs_dev":{"confidence_interval":{"confidence_level":0.95,"lower_bound":83.41167089806308,"upper_bound":139.98976540979922},"point_estimate":114.94687308491496,"standard_error":14.60741750447864},"slope":{"confidence_interval":{"confidence_level":0.95,"lower_bound":17251.68613034131,"upper_bound":17290.887574934517},"point_estimate":17272.843138104854,"standard_error":10.01002541707019},"std_dev":{"confidence_interval":{"confidence_level":0.95,"lower_bound":86.83557797967487,"upper_bound":121.05449203636724},"point_estimate":102.68082436909353,"standard_error":8.94127972445434}}