{"mean":{"confidence_interval":{"confidence_level":0.95,"lower_bound":126241.66746812461,"upper_bound":126578.01408685555},"point_estimate":126401.65209153979,"standard_error":85.68381811888665},"median":{"confidence_interval":{"confidence_level":0.95,"lower_bound":126165.7264957265,"upper_bound":126512.23255813954},"point_estimate":126363.21522988506,"standard_error":80.63553997852453},"median_abs_dev":{"confidence_interval":{"confidence_level":0.95,"lower_bound":467.577025865511,"upper_bound":791.546689863221},"point_estimate":599.2589525715352,"standard_error":83.6127610517147},"slope":{"confidence_interval":{"confidence_level":0.95,"lower_bound":126423.86705605537,"upper_bound":126977.25124660415},"point_estimate":126657.89715777549,"standard_error":144.7033943401358},"std_dev":{"confidence_interval":{"confidence_level":0.95,"lower_bound":614.0965852183323,"upper_bound":1157.92243569775},"point_estimate":864.518087631142,"standard_error":150.33677475525414}}