{"mean":{"confidence_interval":{"confidence_level":0.95,"lower_bound":34457.897973455416,"upper_bound":34594.077084822275},"point_estimate":34519.677426158705,"standard_error":34.74045988839423},"median":{"confidence_interval":{"confidence_level":0.95,"lower_bound":34394.22469924812,"upper_bound":34428.15491782229},"point_estimate":34415.14284946237,"standard_error":8.83944450798045},"median_abs_dev":{"confidence_interval":{"confidence_level":0.95,"lower_bound":63.31842440898442,"upper_bound":114.77548927464395},"point_estimate":89.2828013085316,"standard_error":13.14182152424813},"slope":{"confidence_interval":{"confidence_level":0.95,"lower_bound":34419.42091887152,"upper_bound":34488.56972510964},"point_estimate":34449.8918247377,"standard_error":17.72964941272111},"std_dev":{"confidence_interval":{"confidence_level":0.95,"lower_bound":187.07828518130307,"upper_bound":481.2215467635753},"point_estimate":349.115474578646,"standard_error":74.86553403874974}}