{"mean":{"confidence_interval":{"confidence_level":0.95,"lower_bound":165432.30914198095,"upper_bound":165635.19010691525},"point_estimate":165516.81104394924,"standard_error":52.744302200196046},"median":{"confidence_interval":{"confidence_level":0.95,"lower_bound":165415.25980392157,"upper_bound":165517.3956043956},"point_estimate":165460.52939371625,"standard_error":24.63045310584275},"median_abs_dev":{"confidence_interval":{"confidence_level":0.95,"lower_bound":184.46216752228673,"upper_bound":283.55822718805723},"point_estimate":239.5919985187478,"standard_error":25.13110105548835},"slope":{"confidence_interval":{"confidence_level":0.95,"lower_bound":165423.54019987714,"upper_bound":165550.47607850356},"point_estimate":165486.34447120831,"standard_error":32.20015938538307},"std_dev":{"confidence_interval":{"confidence_level":0.95,"lower_bound":212.5104778212572,"upper_bound":842.6395166831526},"point_estimate":530.3166333280043,"standard_error":198.4295485085699}}