{"mean":{"confidence_interval":{"confidence_level":0.95,"lower_bound":1729.0432474513318,"upper_bound":1753.5894798595746},"point_estimate":1741.075566596286,"standard_error":6.256627348847864},"median":{"confidence_interval":{"confidence_level":0.95,"lower_bound":1719.591836734694,"upper_bound":1772.586181460536},"point_estimate":1764.342455573331,"standard_error":12.080621368359212},"median_abs_dev":{"confidence_interval":{"confidence_level":0.95,"lower_bound":26.773769546742134,"upper_bound":81.82977284376797},"point_estimate":54.572584811885214,"standard_error":14.642007648921217},"slope":{"confidence_interval":{"confidence_level":0.95,"lower_bound":1765.9744197211894,"upper_bound":1775.8509311633804},"point_estimate":1771.2353915610872,"standard_error":2.51555690279547},"std_dev":{"confidence_interval":{"confidence_level":0.95,"lower_bound":51.66400551489703,"upper_bound":76.92488512471853},"point_estimate":62.84258137979718,"standard_error":6.829726160590286}}