{"mean":{"confidence_interval":{"confidence_level":0.95,"lower_bound":16044.397761884178,"upper_bound":16102.586184176536},"point_estimate":16071.185049989059,"standard_error":14.885067434324007},"median":{"confidence_interval":{"confidence_level":0.95,"lower_bound":16039.587933634994,"upper_bound":16070.680952380952},"point_estimate":16057.34011456268,"standard_error":7.711676821943224},"median_abs_dev":{"confidence_interval":{"confidence_level":0.95,"lower_bound":49.52483860016343,"upper_bound":92.58833532146909},"point_estimate":74.40170384880332,"standard_error":11.12230696630178},"slope":{"confidence_interval":{"confidence_level":0.95,"lower_bound":16057.26266328241,"upper_bound":16103.884455769237},"point_estimate":16076.029258657209,"standard_error":12.473284193335427},"std_dev":{"confidence_interval":{"confidence_level":0.95,"lower_bound":85.50921053067991,"upper_bound":209.3601880767907},"point_estimate":149.63554279565045,"standard_error":32.521512449772466}}