{"mean":{"confidence_interval":{"confidence_level":0.95,"lower_bound":2030.1203091090115,"upper_bound":2069.5608826767575},"point_estimate":2050.1514817373377,"standard_error":10.081505848546666},"median":{"confidence_interval":{"confidence_level":0.95,"lower_bound":2056.819886363636,"upper_bound":2122.227142857143},"point_estimate":2108.1838839285715,"standard_error":17.54119292502709},"median_abs_dev":{"confidence_interval":{"confidence_level":0.95,"lower_bound":28.440063942203256,"upper_bound":114.44070224795925},"point_estimate":57.01965913978836,"standard_error":22.184742157472968},"slope":{"confidence_interval":{"confidence_level":0.95,"lower_bound":2110.8139039077614,"upper_bound":2124.1390597538757},"point_estimate":2118.320056598197,"standard_error":3.400524373408004},"std_dev":{"confidence_interval":{"confidence_level":0.95,"lower_bound":90.58530715864408,"upper_bound":109.11807692013059},"point_estimate":101.15015471657279,"standard_error":4.711293291531794}}