{"mean":{"confidence_interval":{"confidence_level":0.95,"lower_bound":1403.9048681956149,"upper_bound":1436.6457449988825},"point_estimate":1420.3740604619204,"standard_error":8.38081817125225},"median":{"confidence_interval":{"confidence_level":0.95,"lower_bound":1443.8570356070356,"upper_bound":1453.9215456674474},"point_estimate":1450.0831953434692,"standard_error":3.374370928635771},"median_abs_dev":{"confidence_interval":{"confidence_level":0.95,"lower_bound":32.195741168177484,"upper_bound":108.21485434405787},"point_estimate":82.48962304850359,"standard_error":20.077790064653747},"slope":{"confidence_interval":{"confidence_level":0.95,"lower_bound":1467.3832843584191,"upper_bound":1488.5496937148555},"point_estimate":1478.4866629370827,"standard_error":5.393400220541027},"std_dev":{"confidence_interval":{"confidence_level":0.95,"lower_bound":74.36641988064164,"upper_bound":91.9361961294455},"point_estimate":84.15834811986652,"standard_error":4.463321129769318}}