{"mean":{"confidence_interval":{"confidence_level":0.95,"lower_bound":-0.04692060836224227,"upper_bound":-0.016565928245288547},"point_estimate":-0.03217467384145778,"standard_error":0.007675063171369473},"median":{"confidence_interval":{"confidence_level":0.95,"lower_bound":-0.053399854280336556,"upper_bound":-0.013559865456359232},"point_estimate":-0.03667178301044871,"standard_error":0.009822177986849956}}