{"mean":{"confidence_interval":{"confidence_level":0.95,"lower_bound":7912.465210718726,"upper_bound":8060.8937264581755},"point_estimate":7968.352542174752,"standard_error":39.77442726170788},"median":{"confidence_interval":{"confidence_level":0.95,"lower_bound":7909.143592677346,"upper_bound":7940.739130434783},"point_estimate":7917.894314381271,"standard_error":8.455059211916575},"median_abs_dev":{"confidence_interval":{"confidence_level":0.95,"lower_bound":54.92203809013978,"upper_bound":88.26766300813445},"point_estimate":75.77572590633447,"standard_error":8.54989872043392},"slope":{"confidence_interval":{"confidence_level":0.95,"lower_bound":7923.486662548287,"upper_bound":8273.199116824733},"point_estimate":8044.378533419857,"standard_error":100.23246038140582},"std_dev":{"confidence_interval":{"confidence_level":0.95,"lower_bound":86.12689957670595,"upper_bound":664.1013394966438},"point_estimate":398.3894627267512,"standard_error":188.24884749780347}}