{"mean":{"confidence_interval":{"confidence_level":0.95,"lower_bound":2818.612538495691,"upper_bound":2852.6715039264377},"point_estimate":2835.1569632826995,"standard_error":8.67854438413376},"median":{"confidence_interval":{"confidence_level":0.95,"lower_bound":2844.996723184223,"upper_bound":2863.629438535978},"point_estimate":2857.7415335699498,"standard_error":5.3526710889868365},"median_abs_dev":{"confidence_interval":{"confidence_level":0.95,"lower_bound":32.03882209783074,"upper_bound":82.13400017839363},"point_estimate":49.687797600904126,"standard_error":12.7445541941174},"slope":{"confidence_interval":{"confidence_level":0.95,"lower_bound":2864.755557701886,"upper_bound":2887.2236642636135},"point_estimate":2875.38797237293,"standard_error":5.7336817758882095},"std_dev":{"confidence_interval":{"confidence_level":0.95,"lower_bound":65.75516051151939,"upper_bound":113.26946171757146},"point_estimate":87.40660770062267,"standard_error":13.027366926831556}}