{"mean":{"confidence_interval":{"confidence_level":0.95,"lower_bound":2813.9637809558685,"upper_bound":2852.4531180809254},"point_estimate":2831.386271689634,"standard_error":9.827441901742501},"median":{"confidence_interval":{"confidence_level":0.95,"lower_bound":2826.346251266464,"upper_bound":2841.4287774972954},"point_estimate":2835.675981664072,"standard_error":3.825586880853726},"median_abs_dev":{"confidence_interval":{"confidence_level":0.95,"lower_bound":24.45276532239008,"upper_bound":46.572303109346635},"point_estimate":32.25460287997739,"standard_error":5.675122836782872},"slope":{"confidence_interval":{"confidence_level":0.95,"lower_bound":2828.0718527332447,"upper_bound":2837.633761717455},"point_estimate":2832.538397353867,"standard_error":2.4388645320392395},"std_dev":{"confidence_interval":{"confidence_level":0.95,"lower_bound":52.48977960250047,"upper_bound":143.7898704622908},"point_estimate":98.2813246455184,"standard_error":24.561452894752307}}