{"mean":{"confidence_interval":{"confidence_level":0.95,"lower_bound":2824.4807064472907,"upper_bound":2898.6714875813377},"point_estimate":2853.493244146777,"standard_error":19.737860657805694},"median":{"confidence_interval":{"confidence_level":0.95,"lower_bound":2846.808589607635,"upper_bound":2857.9101529198633},"point_estimate":2853.688137541806,"standard_error":2.7447126593314324},"median_abs_dev":{"confidence_interval":{"confidence_level":0.95,"lower_bound":16.669031700577996,"upper_bound":44.02671953982359},"point_estimate":25.965611717794488,"standard_error":7.551177847474118},"slope":{"confidence_interval":{"confidence_level":0.95,"lower_bound":2854.794725895491,"upper_bound":2934.072385797427},"point_estimate":2881.1599599077363,"standard_error":22.911335901034008},"std_dev":{"confidence_interval":{"confidence_level":0.95,"lower_bound":52.883940445426084,"upper_bound":327.1599780354447},"point_estimate":197.97855488458498,"standard_error":88.9347803740083}}