{"mean":{"confidence_interval":{"confidence_level":0.95,"lower_bound":2772.9489650402284,"upper_bound":2807.204298455096},"point_estimate":2789.1043986066484,"standard_error":8.704850069030622},"median":{"confidence_interval":{"confidence_level":0.95,"lower_bound":2799.7486419194206,"upper_bound":2817.43202404168},"point_estimate":2815.1795391334263,"standard_error":5.832535610093368},"median_abs_dev":{"confidence_interval":{"confidence_level":0.95,"lower_bound":27.36578123134664,"upper_bound":77.93800333480027},"point_estimate":46.396916384497565,"standard_error":12.255963519889036},"slope":{"confidence_interval":{"confidence_level":0.95,"lower_bound":2813.2486550768476,"upper_bound":2826.628952292278},"point_estimate":2819.8347348993393,"standard_error":3.41414736067036},"std_dev":{"confidence_interval":{"confidence_level":0.95,"lower_bound":61.210249163901935,"upper_bound":120.59627005593256},"point_estimate":87.4935690081277,"standard_error":17.58919763293881}}