{"mean":{"confidence_interval":{"confidence_level":0.95,"lower_bound":-0.005835032621409391,"upper_bound":0.028911707392155667},"point_estimate":0.010597861901347372,"standard_error":0.008796297463584957},"median":{"confidence_interval":{"confidence_level":0.95,"lower_bound":-0.016068041502782293,"upper_bound":0.023509937297780503},"point_estimate":0.00002363220392531673,"standard_error":0.009898950946150743}}