{"mean":{"confidence_interval":{"confidence_level":0.95,"lower_bound":804224.2572247933,"upper_bound":806728.8604866257},"point_estimate":805458.5678329204,"standard_error":638.8790577010607},"median":{"confidence_interval":{"confidence_level":0.95,"lower_bound":802176.9684950775,"upper_bound":805276.963362069},"point_estimate":803197.6748310811,"standard_error":826.9430407855033},"median_abs_dev":{"confidence_interval":{"confidence_level":0.95,"lower_bound":3227.1206330205873,"upper_bound":7828.118618172775},"point_estimate":4468.731658747304,"standard_error":1158.5985803579522},"slope":{"confidence_interval":{"confidence_level":0.95,"lower_bound":801777.2367476234,"upper_bound":803368.3838792628},"point_estimate":802527.8477597162,"standard_error":405.0105070885695},"std_dev":{"confidence_interval":{"confidence_level":0.95,"lower_bound":5646.951099162872,"upper_bound":7006.489210510716},"point_estimate":6387.229213829069,"standard_error":346.42548202647384}}