{"mean":{"confidence_interval":{"confidence_level":0.95,"lower_bound":1326.9530951153301,"upper_bound":1347.356770683347},"point_estimate":1337.3603594720034,"standard_error":5.224932896976646},"median":{"confidence_interval":{"confidence_level":0.95,"lower_bound":1359.920325203252,"upper_bound":1373.0480402626167},"point_estimate":1370.7312202616972,"standard_error":3.4041817181421816},"median_abs_dev":{"confidence_interval":{"confidence_level":0.95,"lower_bound":7.434062468776604,"upper_bound":29.206448908311156},"point_estimate":12.50931358397244,"standard_error":5.965692174485912},"slope":{"confidence_interval":{"confidence_level":0.95,"lower_bound":1366.9200376337444,"upper_bound":1372.0098169488338},"point_estimate":1369.7702335352938,"standard_error":1.3054296247674722},"std_dev":{"confidence_interval":{"confidence_level":0.95,"lower_bound":46.47675092398395,"upper_bound":57.070343667398014},"point_estimate":52.64484992882682,"standard_error":2.7312571879962015}}