{"mean":{"confidence_interval":{"confidence_level":0.95,"lower_bound":1189929.08877378,"upper_bound":1269083.8003777708},"point_estimate":1223267.7315376413,"standard_error":20562.864797655377},"median":{"confidence_interval":{"confidence_level":0.95,"lower_bound":1162350.3636363635,"upper_bound":1177241.4285714286},"point_estimate":1170357.7183441557,"standard_error":3836.4058739765183},"median_abs_dev":{"confidence_interval":{"confidence_level":0.95,"lower_bound":18650.542868886685,"upper_bound":36123.70073700951},"point_estimate":28259.97934357449,"standard_error":4842.889062867613},"slope":{"confidence_interval":{"confidence_level":0.95,"lower_bound":1156000.8298425179,"upper_bound":1168753.2777096087},"point_estimate":1160877.2960189153,"standard_error":3362.7318631642},"std_dev":{"confidence_interval":{"confidence_level":0.95,"lower_bound":69889.49114386093,"upper_bound":324514.7579055525},"point_estimate":206274.7030456676,"standard_error":72009.1493973071}}