{"mean":{"confidence_interval":{"confidence_level":0.95,"lower_bound":8864.074527335333,"upper_bound":8900.658863804361},"point_estimate":8880.412715848453,"standard_error":9.423779264353575},"median":{"confidence_interval":{"confidence_level":0.95,"lower_bound":8854.835781490016,"upper_bound":8874.406451612904},"point_estimate":8865.846087675764,"standard_error":4.679457224240829},"median_abs_dev":{"confidence_interval":{"confidence_level":0.95,"lower_bound":33.07426794954211,"upper_bound":54.579754060884845},"point_estimate":43.94566656999237,"standard_error":5.531630565779379},"slope":{"confidence_interval":{"confidence_level":0.95,"lower_bound":8856.161971297814,"upper_bound":8906.477042045713},"point_estimate":8876.803290351183,"standard_error":13.261921418030232},"std_dev":{"confidence_interval":{"confidence_level":0.95,"lower_bound":46.34640080325189,"upper_bound":140.01219765900015},"point_estimate":94.73889650789279,"standard_error":25.29135976053255}}