{"mean":{"confidence_interval":{"confidence_level":0.95,"lower_bound":1815.042487401451,"upper_bound":1846.6764253481467},"point_estimate":1831.2935382930605,"standard_error":8.031025236386379},"median":{"confidence_interval":{"confidence_level":0.95,"lower_bound":1869.0926639334607,"upper_bound":1882.5433335830585},"point_estimate":1881.2883421985816,"standard_error":3.7040844786798566},"median_abs_dev":{"confidence_interval":{"confidence_level":0.95,"lower_bound":7.620760818439064,"upper_bound":32.2632644725201},"point_estimate":12.098640898966277,"standard_error":6.750298660403272},"slope":{"confidence_interval":{"confidence_level":0.95,"lower_bound":1874.2961230502285,"upper_bound":1881.342178479124},"point_estimate":1878.2677425805457,"standard_error":1.7989403454086261},"std_dev":{"confidence_interval":{"confidence_level":0.95,"lower_bound":70.18183028801964,"upper_bound":88.64717844674223},"point_estimate":80.60207457608604,"standard_error":4.702494244127747}}