{"mean":{"confidence_interval":{"confidence_level":0.95,"lower_bound":-0.02907871869905309,"upper_bound":0.0160664271391595},"point_estimate":-0.005562645388253129,"standard_error":0.011510401212204962},"median":{"confidence_interval":{"confidence_level":0.95,"lower_bound":-0.01909768088387842,"upper_bound":0.02083710549852169},"point_estimate":-0.0033185706750586963,"standard_error":0.010480132883563654}}