{"mean":{"confidence_interval":{"confidence_level":0.95,"lower_bound":-0.0922168085510463,"upper_bound":0.05726664960202813},"point_estimate":-0.024524817886588557,"standard_error":0.037533740875713525},"median":{"confidence_interval":{"confidence_level":0.95,"lower_bound":-0.06671281494268466,"upper_bound":-0.011037214215343094},"point_estimate":-0.034706557725697196,"standard_error":0.013923910349963682}}