{"mean":{"confidence_interval":{"confidence_level":0.95,"lower_bound":1956.6161532438318,"upper_bound":1976.8385564834969},"point_estimate":1965.5112250227064,"standard_error":5.210231026082352},"median":{"confidence_interval":{"confidence_level":0.95,"lower_bound":1950.9814271749756,"upper_bound":1962.9686379928316},"point_estimate":1957.7602150537634,"standard_error":3.4064577026171228},"median_abs_dev":{"confidence_interval":{"confidence_level":0.95,"lower_bound":16.88588419534707,"upper_bound":28.88946163869142},"point_estimate":23.501600873085625,"standard_error":3.0430081388818},"slope":{"confidence_interval":{"confidence_level":0.95,"lower_bound":1949.4452572811315,"upper_bound":1973.2549658581231},"point_estimate":1959.2169855131879,"standard_error":6.246844052501705},"std_dev":{"confidence_interval":{"confidence_level":0.95,"lower_bound":22.963746709680276,"upper_bound":78.09908726010161},"point_estimate":52.30415002327528,"standard_error":14.905931480255813}}