{"mean":{"confidence_interval":{"confidence_level":0.95,"lower_bound":1428.3592994171768,"upper_bound":1438.7959403018563},"point_estimate":1433.1358040045498,"standard_error":2.67775457319204},"median":{"confidence_interval":{"confidence_level":0.95,"lower_bound":1429.0210843373493,"upper_bound":1433.3025210084033},"point_estimate":1430.495202164445,"standard_error":1.018269244663403},"median_abs_dev":{"confidence_interval":{"confidence_level":0.95,"lower_bound":6.103122130952789,"upper_bound":10.313189541762029},"point_estimate":7.913727168093929,"standard_error":1.0460484842002407},"slope":{"confidence_interval":{"confidence_level":0.95,"lower_bound":1430.4155878624147,"upper_bound":1437.4371573616716},"point_estimate":1433.5879851180903,"standard_error":1.8007208797508754},"std_dev":{"confidence_interval":{"confidence_level":0.95,"lower_bound":13.655247260703169,"upper_bound":38.13476547499119},"point_estimate":26.939521209452497,"standard_error":6.347686481527089}}