{"mean":{"confidence_interval":{"confidence_level":0.95,"lower_bound":10168.221812046633,"upper_bound":10218.706219870875},"point_estimate":10190.313343809848,"standard_error":12.997354942875582},"median":{"confidence_interval":{"confidence_level":0.95,"lower_bound":10165.683215130024,"upper_bound":10193.980092592592},"point_estimate":10175.655813032285,"standard_error":8.31459746102397},"median_abs_dev":{"confidence_interval":{"confidence_level":0.95,"lower_bound":45.63098938353136,"upper_bound":93.69791236284563},"point_estimate":66.7597004623555,"standard_error":11.751774673168724},"slope":{"confidence_interval":{"confidence_level":0.95,"lower_bound":10209.702837269124,"upper_bound":10271.22143430157},"point_estimate":10234.7598715991,"standard_error":16.138457110821225},"std_dev":{"confidence_interval":{"confidence_level":0.95,"lower_bound":67.52359900254766,"upper_bound":198.39937238411943},"point_estimate":130.57568852413047,"standard_error":40.77075084701857}}