{"mean":{"confidence_interval":{"confidence_level":0.95,"lower_bound":11183.187181303376,"upper_bound":11287.548582032327},"point_estimate":11224.604886834391,"standard_error":27.80612576695883},"median":{"confidence_interval":{"confidence_level":0.95,"lower_bound":11171.823745410036,"upper_bound":11212.625507567369},"point_estimate":11192.293135626343,"standard_error":11.091653770326628},"median_abs_dev":{"confidence_interval":{"confidence_level":0.95,"lower_bound":77.91384312544835,"upper_bound":134.51097122707984},"point_estimate":118.80472370811887,"standard_error":14.531499604988284},"slope":{"confidence_interval":{"confidence_level":0.95,"lower_bound":11192.44669942938,"upper_bound":11240.131696624157},"point_estimate":11215.52388781398,"standard_error":12.181301648526881},"std_dev":{"confidence_interval":{"confidence_level":0.95,"lower_bound":86.55885751045857,"upper_bound":460.59912774546916},"point_estimate":280.34046648681516,"standard_error":124.79819807010736}}