{"mean":{"confidence_interval":{"confidence_level":0.95,"lower_bound":1062375.2862167542,"upper_bound":1070000.4661872808},"point_estimate":1065448.6460265794,"standard_error":2006.2228163077016},"median":{"confidence_interval":{"confidence_level":0.95,"lower_bound":1062101.4568965517,"upper_bound":1063466.5051546392},"point_estimate":1062686.0682123655,"standard_error":298.92114838529767},"median_abs_dev":{"confidence_interval":{"confidence_level":0.95,"lower_bound":2262.1990816092725,"upper_bound":3388.4271195090128},"point_estimate":2874.55852615947,"standard_error":278.0499376768426},"slope":{"confidence_interval":{"confidence_level":0.95,"lower_bound":1062508.0075665347,"upper_bound":1064986.1304727555},"point_estimate":1063513.5947140534,"standard_error":643.8307777083692},"std_dev":{"confidence_interval":{"confidence_level":0.95,"lower_bound":3256.742268594028,"upper_bound":32669.410750293522},"point_estimate":20152.78087803673,"standard_error":8222.095079608076}}