{"mean":{"confidence_interval":{"confidence_level":0.95,"lower_bound":688845.96569087,"upper_bound":753153.4253060421},"point_estimate":716090.9299804945,"standard_error":16742.56955033463},"median":{"confidence_interval":{"confidence_level":0.95,"lower_bound":666344.4356060605,"upper_bound":677209.9170552366},"point_estimate":670154.6543646305,"standard_error":2903.4706113933053},"median_abs_dev":{"confidence_interval":{"confidence_level":0.95,"lower_bound":12050.999584010266,"upper_bound":26650.42425595258},"point_estimate":17299.796971417614,"standard_error":3875.388803118337},"slope":{"confidence_interval":{"confidence_level":0.95,"lower_bound":661560.4322057634,"upper_bound":667274.1205894896},"point_estimate":664093.0509923156,"standard_error":1454.2182311841898},"std_dev":{"confidence_interval":{"confidence_level":0.95,"lower_bound":57233.567970629716,"upper_bound":264675.4121997477},"point_estimate":169273.70214525494,"standard_error":58218.38017391744}}