{"mean":{"confidence_interval":{"confidence_level":0.95,"lower_bound":210259.22361492095,"upper_bound":210520.73524949176},"point_estimate":210384.93862310727,"standard_error":66.923025048622},"median":{"confidence_interval":{"confidence_level":0.95,"lower_bound":210127.22916666666,"upper_bound":210472.46009389672},"point_estimate":210283.82303030303,"standard_error":95.77948872094586},"median_abs_dev":{"confidence_interval":{"confidence_level":0.95,"lower_bound":454.7929646004429,"upper_bound":734.301625353641},"point_estimate":541.8918214638476,"standard_error":72.27561721104041},"slope":{"confidence_interval":{"confidence_level":0.95,"lower_bound":209974.51512499544,"upper_bound":210211.41782525426},"point_estimate":210083.83093443673,"standard_error":60.58304738828828},"std_dev":{"confidence_interval":{"confidence_level":0.95,"lower_bound":509.58860892947,"upper_bound":828.4839058052104},"point_estimate":668.8537575723558,"standard_error":82.07183895471019}}