{"mean":{"confidence_interval":{"confidence_level":0.95,"lower_bound":11288.5809149537,"upper_bound":11308.999800612743},"point_estimate":11298.616747675824,"standard_error":5.207390519845635},"median":{"confidence_interval":{"confidence_level":0.95,"lower_bound":11281.688805346701,"upper_bound":11321.62038928953},"point_estimate":11305.081637806637,"standard_error":11.236157772778885},"median_abs_dev":{"confidence_interval":{"confidence_level":0.95,"lower_bound":32.85110533441047,"upper_bound":63.3755750782927},"point_estimate":51.46173953512951,"standard_error":7.372306046986211},"slope":{"confidence_interval":{"confidence_level":0.95,"lower_bound":11314.589190811379,"upper_bound":11328.902659133568},"point_estimate":11322.301404446414,"standard_error":3.644421533481859},"std_dev":{"confidence_interval":{"confidence_level":0.95,"lower_bound":41.908138420482494,"upper_bound":64.57571760951859},"point_estimate":52.30653759787707,"standard_error":6.02797543970126}}