{"mean":{"confidence_interval":{"confidence_level":0.95,"lower_bound":2800.9138635729214,"upper_bound":2824.7998994790596},"point_estimate":2812.5694506350883,"standard_error":6.081296328492386},"median":{"confidence_interval":{"confidence_level":0.95,"lower_bound":2829.6289911584445,"upper_bound":2837.0799456521736},"point_estimate":2833.4283954983125,"standard_error":2.0033124640948903},"median_abs_dev":{"confidence_interval":{"confidence_level":0.95,"lower_bound":9.842255326927445,"upper_bound":27.160548042444326},"point_estimate":14.339775964126911,"standard_error":4.746964261222176},"slope":{"confidence_interval":{"confidence_level":0.95,"lower_bound":2829.716373910749,"upper_bound":2836.8859978786813},"point_estimate":2833.257231320796,"standard_error":1.8222718385703045},"std_dev":{"confidence_interval":{"confidence_level":0.95,"lower_bound":46.124524217940866,"upper_bound":78.09668764963145},"point_estimate":60.96183388355807,"standard_error":8.527457716259093}}