{"mean":{"confidence_interval":{"confidence_level":0.95,"lower_bound":178912.22660670616,"upper_bound":179322.74866685874},"point_estimate":179089.32063013292,"standard_error":106.1779646483895},"median":{"confidence_interval":{"confidence_level":0.95,"lower_bound":178799.49364583334,"upper_bound":178937.9785767235},"point_estimate":178839.04699322977,"standard_error":44.57528179881471},"median_abs_dev":{"confidence_interval":{"confidence_level":0.95,"lower_bound":216.27173063010858,"upper_bound":497.9669119393638},"point_estimate":334.0786599872767,"standard_error":69.10981998515905},"slope":{"confidence_interval":{"confidence_level":0.95,"lower_bound":178848.6293357714,"upper_bound":179207.97906359486},"point_estimate":179016.3678902517,"standard_error":92.08540139619933},"std_dev":{"confidence_interval":{"confidence_level":0.95,"lower_bound":489.444464716923,"upper_bound":1633.7887216298848},"point_estimate":1065.7913523932577,"standard_error":340.5241815464917}}