{"mean":{"confidence_interval":{"confidence_level":0.95,"lower_bound":13240.92235980852,"upper_bound":13283.15296887309},"point_estimate":13261.79759458688,"standard_error":10.802104697435654},"median":{"confidence_interval":{"confidence_level":0.95,"lower_bound":13211.77894736842,"upper_bound":13299.365914786968},"point_estimate":13249.355741626794,"standard_error":25.76396009742874},"median_abs_dev":{"confidence_interval":{"confidence_level":0.95,"lower_bound":102.16945312917096,"upper_bound":160.01036199055753},"point_estimate":128.21845368858007,"standard_error":15.631302493204942},"slope":{"confidence_interval":{"confidence_level":0.95,"lower_bound":13316.053171200663,"upper_bound":13353.629862266469},"point_estimate":13336.747428464763,"standard_error":9.60082572513008},"std_dev":{"confidence_interval":{"confidence_level":0.95,"lower_bound":95.95617457955778,"upper_bound":120.6935686026383},"point_estimate":108.41576815631412,"standard_error":6.296277269850027}}