{"mean":{"confidence_interval":{"confidence_level":0.95,"lower_bound":178445.92354354332,"upper_bound":178743.80116842594},"point_estimate":178588.32349974112,"standard_error":75.86864965317967},"median":{"confidence_interval":{"confidence_level":0.95,"lower_bound":178279.05434782608,"upper_bound":178538.36538461538},"point_estimate":178359.61850507982,"standard_error":66.86784928710831},"median_abs_dev":{"confidence_interval":{"confidence_level":0.95,"lower_bound":424.4220977855369,"upper_bound":765.0189656606337},"point_estimate":540.3380020106564,"standard_error":83.47269777936695},"slope":{"confidence_interval":{"confidence_level":0.95,"lower_bound":178044.02454554313,"upper_bound":178173.09326550935},"point_estimate":178101.74389685236,"standard_error":32.94232870140515},"std_dev":{"confidence_interval":{"confidence_level":0.95,"lower_bound":583.8788429151471,"upper_bound":933.3705773803631},"point_estimate":763.2091908230095,"standard_error":89.45188558777816}}