{"mean":{"confidence_interval":{"confidence_level":0.95,"lower_bound":183274.76345679862,"upper_bound":183504.77640275503},"point_estimate":183384.04586535075,"standard_error":58.586131046632005},"median":{"confidence_interval":{"confidence_level":0.95,"lower_bound":183128.22008547006,"upper_bound":183369.5588235294},"point_estimate":183226.990625,"standard_error":57.151304790049835},"median_abs_dev":{"confidence_interval":{"confidence_level":0.95,"lower_bound":325.58549510204045,"upper_bound":559.1423580131473},"point_estimate":452.2998029378064,"standard_error":59.44947103332102},"slope":{"confidence_interval":{"confidence_level":0.95,"lower_bound":182971.922122195,"upper_bound":183091.07654725018},"point_estimate":183026.69492832865,"standard_error":30.473922848099697},"std_dev":{"confidence_interval":{"confidence_level":0.95,"lower_bound":438.93918966127103,"upper_bound":726.9145227298399},"point_estimate":588.6368652465509,"standard_error":74.00501899817374}}