{"mean":{"confidence_interval":{"confidence_level":0.95,"lower_bound":712292.9561651018,"upper_bound":716018.2723197453},"point_estimate":714140.6325638363,"standard_error":950.3650017111502},"median":{"confidence_interval":{"confidence_level":0.95,"lower_bound":707819.6785714285,"upper_bound":717694.1851851852},"point_estimate":708977.5505319149,"standard_error":2458.500425099808},"median_abs_dev":{"confidence_interval":{"confidence_level":0.95,"lower_bound":4967.136393285363,"upper_bound":13945.465079918538},"point_estimate":8020.711519172602,"standard_error":2426.0708914438237},"slope":{"confidence_interval":{"confidence_level":0.95,"lower_bound":706775.6155851004,"upper_bound":709143.2298848376},"point_estimate":707817.2234372691,"standard_error":606.188923016168},"std_dev":{"confidence_interval":{"confidence_level":0.95,"lower_bound":8724.955692075593,"upper_bound":10182.447807787008},"point_estimate":9536.818301759527,"standard_error":369.9241864095925}}