{"mean":{"confidence_interval":{"confidence_level":0.95,"lower_bound":252873.4460936188,"upper_bound":253116.4388711935},"point_estimate":252989.0931743121,"standard_error":62.04713309284196},"median":{"confidence_interval":{"confidence_level":0.95,"lower_bound":252724.34343434343,"upper_bound":253034.80057330057},"point_estimate":252855.51904761905,"standard_error":85.69041578570327},"median_abs_dev":{"confidence_interval":{"confidence_level":0.95,"lower_bound":413.8556868484013,"upper_bound":678.587200433947},"point_estimate":518.850926017367,"standard_error":66.90716414629924},"slope":{"confidence_interval":{"confidence_level":0.95,"lower_bound":252553.69935832135,"upper_bound":252681.86425123728},"point_estimate":252612.01427909956,"standard_error":32.8120143271856},"std_dev":{"confidence_interval":{"confidence_level":0.95,"lower_bound":469.27852356209866,"upper_bound":775.2840334311832},"point_estimate":625.8920263432392,"standard_error":78.54492694028619}}