{"mean":{"confidence_interval":{"confidence_level":0.95,"lower_bound":9444.26506371145,"upper_bound":9706.400535851099},"point_estimate":9572.21422957697,"standard_error":66.90486064910817},"median":{"confidence_interval":{"confidence_level":0.95,"lower_bound":9443.711111111112,"upper_bound":9673.031951219513},"point_estimate":9534.424419279907,"standard_error":55.28040004093629},"median_abs_dev":{"confidence_interval":{"confidence_level":0.95,"lower_bound":638.77318789608,"upper_bound":939.9653246964263},"point_estimate":863.1499838425142,"standard_error":72.68400688039618},"slope":{"confidence_interval":{"confidence_level":0.95,"lower_bound":9443.10498426836,"upper_bound":9771.261871814293},"point_estimate":9606.099150468377,"standard_error":83.7195743611337},"std_dev":{"confidence_interval":{"confidence_level":0.95,"lower_bound":551.9606686525433,"upper_bound":808.6206345372314},"point_estimate":672.3001077063604,"standard_error":67.51950232023772}}