{"mean":{"confidence_interval":{"confidence_level":0.95,"lower_bound":0.011909121979824343,"upper_bound":0.058190407166799095},"point_estimate":0.033848517993134264,"standard_error":0.011938941010917048},"median":{"confidence_interval":{"confidence_level":0.95,"lower_bound":0.012633375243099598,"upper_bound":0.057096402218467235},"point_estimate":0.03272996670215034,"standard_error":0.011271158905902984}}