{"mean":{"confidence_interval":{"confidence_level":0.95,"lower_bound":315770.6937064686,"upper_bound":316752.24605505815},"point_estimate":316214.0271785804,"standard_error":251.78950320826343},"median":{"confidence_interval":{"confidence_level":0.95,"lower_bound":315423.84129901964,"upper_bound":315620.4457939721},"point_estimate":315554.4922916667,"standard_error":50.25244240265652},"median_abs_dev":{"confidence_interval":{"confidence_level":0.95,"lower_bound":316.4403933761599,"upper_bound":526.9374670979752},"point_estimate":439.7979975594468,"standard_error":58.16842864898179},"slope":{"confidence_interval":{"confidence_level":0.95,"lower_bound":315371.2572117429,"upper_bound":315655.48592164385},"point_estimate":315494.3722338801,"standard_error":72.7616270726515},"std_dev":{"confidence_interval":{"confidence_level":0.95,"lower_bound":1340.418460530494,"upper_bound":3495.070835023826},"point_estimate":2536.666067950062,"standard_error":546.8622372591789}}