{"mean":{"confidence_interval":{"confidence_level":0.95,"lower_bound":15006.0241525856,"upper_bound":15099.924338624722},"point_estimate":15050.37564919081,"standard_error":24.00562133864968},"median":{"confidence_interval":{"confidence_level":0.95,"lower_bound":14936.571619812583,"upper_bound":15084.726912313432},"point_estimate":14987.570751633986,"standard_error":38.81607242686313},"median_abs_dev":{"confidence_interval":{"confidence_level":0.95,"lower_bound":158.69375142281788,"upper_bound":264.3801787785349},"point_estimate":211.67447896514972,"standard_error":28.42189165373258},"slope":{"confidence_interval":{"confidence_level":0.95,"lower_bound":15054.374882178612,"upper_bound":15147.710893725867},"point_estimate":15101.719079355697,"standard_error":23.790523661828264},"std_dev":{"confidence_interval":{"confidence_level":0.95,"lower_bound":172.74554357274192,"upper_bound":326.2807525155124},"point_estimate":242.10651333617616,"standard_error":44.487826518176206}}