{"mean":{"confidence_interval":{"confidence_level":0.95,"lower_bound":575004.4595332273,"upper_bound":578454.3212205924},"point_estimate":576728.3764525586,"standard_error":883.1687359363148},"median":{"confidence_interval":{"confidence_level":0.95,"lower_bound":574589.3802816902,"upper_bound":579853.1030720643},"point_estimate":577831.7582417582,"standard_error":1493.1377612609804},"median_abs_dev":{"confidence_interval":{"confidence_level":0.95,"lower_bound":6922.581321524587,"upper_bound":11350.820087521126},"point_estimate":9525.655546655044,"standard_error":1157.2513094837602},"slope":{"confidence_interval":{"confidence_level":0.95,"lower_bound":570786.8932260685,"upper_bound":574741.8114933718},"point_estimate":572740.2728491208,"standard_error":1013.2257607126073},"std_dev":{"confidence_interval":{"confidence_level":0.95,"lower_bound":7681.926544964069,"upper_bound":9927.201515508432},"point_estimate":8864.449292931902,"standard_error":572.7185683565874}}