{"mean":{"confidence_interval":{"confidence_level":0.95,"lower_bound":555665.4056260363,"upper_bound":556101.8768874471},"point_estimate":555885.0798716149,"standard_error":111.28260943765645},"median":{"confidence_interval":{"confidence_level":0.95,"lower_bound":556011.36,"upper_bound":556491.7114492754},"point_estimate":556362.4369574063,"standard_error":108.13932625032803},"median_abs_dev":{"confidence_interval":{"confidence_level":0.95,"lower_bound":573.9828383685882,"upper_bound":1365.8888900544782},"point_estimate":807.5288913717181,"standard_error":203.9859679105037},"slope":{"confidence_interval":{"confidence_level":0.95,"lower_bound":555513.4324352036,"upper_bound":556047.6943085989},"point_estimate":555789.0154854441,"standard_error":136.193534071835},"std_dev":{"confidence_interval":{"confidence_level":0.95,"lower_bound":997.4296053315697,"upper_bound":1225.0459846665287},"point_estimate":1123.364157137663,"standard_error":57.84481663526227}}