{"mean":{"confidence_interval":{"confidence_level":0.95,"lower_bound":4254810.506750001,"upper_bound":4305201.261291668},"point_estimate":4274685.132916667,"standard_error":13293.108910983517},"median":{"confidence_interval":{"confidence_level":0.95,"lower_bound":4252030.3864583345,"upper_bound":4262805.416666666},"point_estimate":4257903.125,"standard_error":3225.2343993151635},"median_abs_dev":{"confidence_interval":{"confidence_level":0.95,"lower_bound":18528.793171047473,"upper_bound":28682.687965780726},"point_estimate":23712.796641513705,"standard_error":2531.6144443110175},"slope":null,"std_dev":{"confidence_interval":{"confidence_level":0.95,"lower_bound":27671.577973830703,"upper_bound":217753.2781777108},"point_estimate":132954.37887857354,"standard_error":56272.28370071653}}