{"mean":{"confidence_interval":{"confidence_level":0.95,"lower_bound":3081853.79964928,"upper_bound":3087899.706395864},"point_estimate":3084308.57277756,"standard_error":1585.2726970867716},"median":{"confidence_interval":{"confidence_level":0.95,"lower_bound":3079990.618556701,"upper_bound":3082452.834823163},"point_estimate":3080843.497304582,"standard_error":760.341381985045},"median_abs_dev":{"confidence_interval":{"confidence_level":0.95,"lower_bound":3901.393707490247,"upper_bound":6559.620583322095},"point_estimate":5374.930346182309,"standard_error":663.2509342132105},"slope":{"confidence_interval":{"confidence_level":0.95,"lower_bound":3081617.3969933786,"upper_bound":3086137.365696912},"point_estimate":3083591.6283434313,"standard_error":1154.7204239356904},"std_dev":{"confidence_interval":{"confidence_level":0.95,"lower_bound":5216.955582252341,"upper_bound":25702.06081184422},"point_estimate":15955.43959128986,"standard_error":6383.013117980839}}