{"mean":{"confidence_interval":{"confidence_level":0.95,"lower_bound":895546.1939757867,"upper_bound":896720.4538228045},"point_estimate":896111.1316382235,"standard_error":299.6268505907591},"median":{"confidence_interval":{"confidence_level":0.95,"lower_bound":894706.9363134895,"upper_bound":895706.5},"point_estimate":895077.1840136054,"standard_error":275.34074868695546},"median_abs_dev":{"confidence_interval":{"confidence_level":0.95,"lower_bound":1300.6286179831652,"upper_bound":2338.3621328056934},"point_estimate":1740.1283862032674,"standard_error":251.5552363073602},"slope":{"confidence_interval":{"confidence_level":0.95,"lower_bound":894736.8021902365,"upper_bound":895458.8861783032},"point_estimate":895070.3495384464,"standard_error":184.44851436436622},"std_dev":{"confidence_interval":{"confidence_level":0.95,"lower_bound":2269.71428902179,"upper_bound":3652.0335018454507},"point_estimate":3017.263242590138,"standard_error":352.66476830657246}}