{"mean":{"confidence_interval":{"confidence_level":0.95,"lower_bound":1765.6609090774173,"upper_bound":1791.7339904192338},"point_estimate":1778.2522802629696,"standard_error":6.635214871131812},"median":{"confidence_interval":{"confidence_level":0.95,"lower_bound":1768.50293902251,"upper_bound":1812.616875375676},"point_estimate":1800.8416545315858,"standard_error":11.805196067148911},"median_abs_dev":{"confidence_interval":{"confidence_level":0.95,"lower_bound":23.131319659982267,"upper_bound":81.01025123630606},"point_estimate":41.74059012753181,"standard_error":14.887420386969298},"slope":{"confidence_interval":{"confidence_level":0.95,"lower_bound":1805.477834987793,"upper_bound":1815.668395234108},"point_estimate":1811.1776763192217,"standard_error":2.608092955895205},"std_dev":{"confidence_interval":{"confidence_level":0.95,"lower_bound":51.56272107824142,"upper_bound":86.50501477146571},"point_estimate":66.68250073628644,"standard_error":9.997719176120064}}