{"mean":{"confidence_interval":{"confidence_level":0.95,"lower_bound":15734.598902473163,"upper_bound":16102.808506789188},"point_estimate":15914.979867192542,"standard_error":93.88197549901096},"median":{"confidence_interval":{"confidence_level":0.95,"lower_bound":15564.168054467085,"upper_bound":16023.395701754385},"point_estimate":15769.454761904763,"standard_error":123.9749926416917},"median_abs_dev":{"confidence_interval":{"confidence_level":0.95,"lower_bound":614.1670697387165,"upper_bound":1048.3630049365781},"point_estimate":757.9346822196472,"standard_error":118.5845693918049},"slope":{"confidence_interval":{"confidence_level":0.95,"lower_bound":15653.213153740273,"upper_bound":15980.267380537312},"point_estimate":15813.150230973844,"standard_error":83.44078515025474},"std_dev":{"confidence_interval":{"confidence_level":0.95,"lower_bound":782.3312807180644,"upper_bound":1100.6832743782932},"point_estimate":946.1793152103431,"standard_error":81.31327294539989}}