{"mean":{"confidence_interval":{"confidence_level":0.95,"lower_bound":17896.351599946243,"upper_bound":17954.26499724611},"point_estimate":17922.788680401485,"standard_error":14.839993279082774},"median":{"confidence_interval":{"confidence_level":0.95,"lower_bound":17878.75963488844,"upper_bound":17909.46221570066},"point_estimate":17898.843396293334,"standard_error":8.242912366873634},"median_abs_dev":{"confidence_interval":{"confidence_level":0.95,"lower_bound":45.64270645979615,"upper_bound":81.12986861340265},"point_estimate":62.64367091568865,"standard_error":8.945838355830837},"slope":{"confidence_interval":{"confidence_level":0.95,"lower_bound":17890.469143564103,"upper_bound":17908.768751272823},"point_estimate":17900.229756373476,"standard_error":4.660423299504701},"std_dev":{"confidence_interval":{"confidence_level":0.95,"lower_bound":86.38083103000494,"upper_bound":200.59049179471614},"point_estimate":148.83534792936877,"standard_error":29.112264622559024}}