{"mean":{"confidence_interval":{"confidence_level":0.95,"lower_bound":183587.32889731042,"upper_bound":184369.5873337133},"point_estimate":183937.5319867311,"standard_error":199.9802924776518},"median":{"confidence_interval":{"confidence_level":0.95,"lower_bound":183350.90937891495,"upper_bound":183508.48888888888},"point_estimate":183412.30272727273,"standard_error":40.34190984335637},"median_abs_dev":{"confidence_interval":{"confidence_level":0.95,"lower_bound":246.1547196064717,"upper_bound":482.69862623616046},"point_estimate":341.87896702427605,"standard_error":58.9207964871039},"slope":{"confidence_interval":{"confidence_level":0.95,"lower_bound":183193.7056741307,"upper_bound":183295.835903249},"point_estimate":183241.9255947983,"standard_error":26.10687882382226},"std_dev":{"confidence_interval":{"confidence_level":0.95,"lower_bound":1014.9643578310705,"upper_bound":2714.6461580495297},"point_estimate":2007.1169815669316,"standard_error":424.2801708101928}}