{"mean":{"confidence_interval":{"confidence_level":0.95,"lower_bound":-0.09943128546177649,"upper_bound":0.03617168167265953},"point_estimate":-0.0357198550959269,"standard_error":0.0342153679211795},"median":{"confidence_interval":{"confidence_level":0.95,"lower_bound":-0.05484765165525374,"upper_bound":-0.013172906119426453},"point_estimate":-0.032984025041217,"standard_error":0.010744593589033782}}