{"mean":{"confidence_interval":{"confidence_level":0.95,"lower_bound":199112.19978113947,"upper_bound":199345.57306546753},"point_estimate":199226.01438191906,"standard_error":59.546905000335386},"median":{"confidence_interval":{"confidence_level":0.95,"lower_bound":198990.52644824312,"upper_bound":199203.6336336336},"point_estimate":199117.31154019875,"standard_error":55.450473357247915},"median_abs_dev":{"confidence_interval":{"confidence_level":0.95,"lower_bound":340.9426369372586,"upper_bound":621.9865692795631},"point_estimate":497.999318832552,"standard_error":73.58121651070391},"slope":{"confidence_interval":{"confidence_level":0.95,"lower_bound":198814.07368452204,"upper_bound":199041.3246889433},"point_estimate":198917.0248056746,"standard_error":58.06069067616726},"std_dev":{"confidence_interval":{"confidence_level":0.95,"lower_bound":489.64151357385776,"upper_bound":699.1228820210939},"point_estimate":598.9988180320556,"standard_error":53.756576970629}}