{"mean":{"confidence_interval":{"confidence_level":0.95,"lower_bound":85815.49433086778,"upper_bound":87624.62039260042},"point_estimate":86787.0702563128,"standard_error":462.8855386281938},"median":{"confidence_interval":{"confidence_level":0.95,"lower_bound":87767.46212038849,"upper_bound":88146.21666666666},"point_estimate":87933.16137680266,"standard_error":100.1244723632084},"median_abs_dev":{"confidence_interval":{"confidence_level":0.95,"lower_bound":859.8194761405542,"upper_bound":1362.3297813332915},"point_estimate":1060.507609851334,"standard_error":126.38443259041918},"slope":{"confidence_interval":{"confidence_level":0.95,"lower_bound":87590.38543069674,"upper_bound":88242.06063934781},"point_estimate":87932.33534864573,"standard_error":166.20154054535487},"std_dev":{"confidence_interval":{"confidence_level":0.95,"lower_bound":3004.62363898052,"upper_bound":5831.130858632436},"point_estimate":4625.532590343571,"standard_error":714.6507840024236}}