{"mean":{"confidence_interval":{"confidence_level":0.95,"lower_bound":1458.7851794222029,"upper_bound":1491.3098169559755},"point_estimate":1475.4370077394624,"standard_error":8.368053252278385},"median":{"confidence_interval":{"confidence_level":0.95,"lower_bound":1521.0768452982811,"upper_bound":1529.455149501661},"point_estimate":1526.6656990862577,"standard_error":3.1668808080337354},"median_abs_dev":{"confidence_interval":{"confidence_level":0.95,"lower_bound":8.835878968998982,"upper_bound":36.39238184464871},"point_estimate":17.048806458525643,"standard_error":7.430843968131219},"slope":{"confidence_interval":{"confidence_level":0.95,"lower_bound":1522.6357612254324,"upper_bound":1530.139370569159},"point_estimate":1526.672421498311,"standard_error":1.902659339292794},"std_dev":{"confidence_interval":{"confidence_level":0.95,"lower_bound":72.43700427816123,"upper_bound":91.83258598747697},"point_estimate":83.59159151122759,"standard_error":4.974274270988291}}