{"mean":{"confidence_interval":{"confidence_level":0.95,"lower_bound":-0.04203918971193099,"upper_bound":-0.01167816154961647},"point_estimate":-0.026651073970732297,"standard_error":0.007703683748774165},"median":{"confidence_interval":{"confidence_level":0.95,"lower_bound":-0.036174374238120754,"upper_bound":-0.0025822110403851406},"point_estimate":-0.021005718923525762,"standard_error":0.008602476734571096}}