{"mean":{"confidence_interval":{"confidence_level":0.95,"lower_bound":161247.20319875816,"upper_bound":163401.94239829213},"point_estimate":162314.8087042728,"standard_error":550.4765258286404},"median":{"confidence_interval":{"confidence_level":0.95,"lower_bound":160126.13797814207,"upper_bound":162844.4773297491},"point_estimate":161236.89710648148,"standard_error":787.6474651697772},"median_abs_dev":{"confidence_interval":{"confidence_level":0.95,"lower_bound":4061.857980251128,"upper_bound":6896.650094642292},"point_estimate":5501.158830294176,"standard_error":763.5274329502472},"slope":{"confidence_interval":{"confidence_level":0.95,"lower_bound":160426.85304147593,"upper_bound":163035.05432841223},"point_estimate":161697.64481577263,"standard_error":667.419313033395},"std_dev":{"confidence_interval":{"confidence_level":0.95,"lower_bound":4806.3113199926465,"upper_bound":6151.167751848971},"point_estimate":5522.849236099338,"standard_error":344.0440658968208}}