{"mean":{"confidence_interval":{"confidence_level":0.95,"lower_bound":14350.37763007094,"upper_bound":14393.217685036529},"point_estimate":14371.698920666839,"standard_error":10.936543172392335},"median":{"confidence_interval":{"confidence_level":0.95,"lower_bound":14329.47520661157,"upper_bound":14416.886672019737},"point_estimate":14363.3671231603,"standard_error":23.5569020947341},"median_abs_dev":{"confidence_interval":{"confidence_level":0.95,"lower_bound":118.9626753673286,"upper_bound":171.1334469019641},"point_estimate":157.7735815308557,"standard_error":13.971998750030359},"slope":{"confidence_interval":{"confidence_level":0.95,"lower_bound":14429.51842132812,"upper_bound":14463.347137014827},"point_estimate":14448.346522562704,"standard_error":8.670315923206777},"std_dev":{"confidence_interval":{"confidence_level":0.95,"lower_bound":99.4708876223983,"upper_bound":120.10057790962877},"point_estimate":110.08668072857651,"standard_error":5.256761373960649}}