{"mean":{"confidence_interval":{"confidence_level":0.95,"lower_bound":-0.05446643602237233,"upper_bound":-0.027775072630491726},"point_estimate":-0.041896641430887005,"standard_error":0.0068266754692402325},"median":{"confidence_interval":{"confidence_level":0.95,"lower_bound":-0.045199095741506934,"upper_bound":-0.014699853940147833},"point_estimate":-0.024989747444587485,"standard_error":0.00805077911143056}}