{"mean":{"confidence_interval":{"confidence_level":0.95,"lower_bound":157716.65562702974,"upper_bound":157902.43826703556},"point_estimate":157804.92499744747,"standard_error":47.286685964014126},"median":{"confidence_interval":{"confidence_level":0.95,"lower_bound":157602.83955938695,"upper_bound":157726.84146341463},"point_estimate":157636.4649234694,"standard_error":30.47640396591709},"median_abs_dev":{"confidence_interval":{"confidence_level":0.95,"lower_bound":176.90348111713965,"upper_bound":351.83923620805535},"point_estimate":231.14962786053633,"standard_error":44.31376532268286},"slope":{"confidence_interval":{"confidence_level":0.95,"lower_bound":157523.3513294851,"upper_bound":157600.37016299897},"point_estimate":157560.22705925818,"standard_error":19.66259104828532},"std_dev":{"confidence_interval":{"confidence_level":0.95,"lower_bound":351.55812020562723,"upper_bound":580.7674823681201},"point_estimate":474.1633838006241,"standard_error":58.707581453790404}}