{"mean":{"confidence_interval":{"confidence_level":0.95,"lower_bound":13242.430145441336,"upper_bound":13270.620852173271},"point_estimate":13255.834650155712,"standard_error":7.199529389282851},"median":{"confidence_interval":{"confidence_level":0.95,"lower_bound":13236.42554858934,"upper_bound":13267.322115384615},"point_estimate":13246.193207516139,"standard_error":7.758249143883875},"median_abs_dev":{"confidence_interval":{"confidence_level":0.95,"lower_bound":50.031738774269975,"upper_bound":77.82562417617046},"point_estimate":65.52867247299655,"standard_error":7.145067594422103},"slope":{"confidence_interval":{"confidence_level":0.95,"lower_bound":13266.130985433945,"upper_bound":13286.548236669598},"point_estimate":13277.050548383197,"standard_error":5.198476493499633},"std_dev":{"confidence_interval":{"confidence_level":0.95,"lower_bound":50.75771348920625,"upper_bound":95.75716354272426},"point_estimate":71.91765275152903,"standard_error":12.138930995712723}}