{"mean":{"confidence_interval":{"confidence_level":0.95,"lower_bound":1547.0240649344535,"upper_bound":1575.7789600478288},"point_estimate":1561.69328634655,"standard_error":7.344524373527148},"median":{"confidence_interval":{"confidence_level":0.95,"lower_bound":1597.1878987688099,"upper_bound":1609.350909090909},"point_estimate":1605.138611111111,"standard_error":3.2230500533348545},"median_abs_dev":{"confidence_interval":{"confidence_level":0.95,"lower_bound":12.512283929455899,"upper_bound":38.19528319168141},"point_estimate":19.783459238516844,"standard_error":6.759384228285444},"slope":{"confidence_interval":{"confidence_level":0.95,"lower_bound":1603.0177451676775,"upper_bound":1609.484758338719},"point_estimate":1606.5076566868627,"standard_error":1.6462688433962422},"std_dev":{"confidence_interval":{"confidence_level":0.95,"lower_bound":64.9683679424626,"upper_bound":80.5199826815567},"point_estimate":73.96571302030974,"standard_error":3.996357758035898}}