{"mean":{"confidence_interval":{"confidence_level":0.95,"lower_bound":236152.00985177042,"upper_bound":237009.79642345486},"point_estimate":236570.04040882507,"standard_error":218.60228831073204},"median":{"confidence_interval":{"confidence_level":0.95,"lower_bound":235271.50780060882,"upper_bound":236600.91666666666},"point_estimate":235788.854053288,"standard_error":392.642299197558},"median_abs_dev":{"confidence_interval":{"confidence_level":0.95,"lower_bound":1182.9600864820131,"upper_bound":2625.706395259407},"point_estimate":1883.0270017932173,"standard_error":412.0888836144068},"slope":{"confidence_interval":{"confidence_level":0.95,"lower_bound":235298.79878012044,"upper_bound":236031.6822328619},"point_estimate":235638.30215974583,"standard_error":187.9690035675781},"std_dev":{"confidence_interval":{"confidence_level":0.95,"lower_bound":1870.3038017744718,"upper_bound":2494.710751243075},"point_estimate":2201.2531993146536,"standard_error":159.3899620266588}}