{"mean":{"confidence_interval":{"confidence_level":0.95,"lower_bound":1063120.7853566634,"upper_bound":1064028.8321945902},"point_estimate":1063591.0478385566,"standard_error":231.75990835884417},"median":{"confidence_interval":{"confidence_level":0.95,"lower_bound":1063369.1110498644,"upper_bound":1064125.8635185184},"point_estimate":1063671.888927019,"standard_error":182.26305973409941},"median_abs_dev":{"confidence_interval":{"confidence_level":0.95,"lower_bound":1392.0033626746088,"upper_bound":2487.3868829931894},"point_estimate":1856.8140063206608,"standard_error":295.10197404177535},"slope":{"confidence_interval":{"confidence_level":0.95,"lower_bound":1063384.755147264,"upper_bound":1064111.6722530562},"point_estimate":1063742.5585621397,"standard_error":185.3388043086001},"std_dev":{"confidence_interval":{"confidence_level":0.95,"lower_bound":1784.934925736967,"upper_bound":2877.928066490417},"point_estimate":2329.4673499551586,"standard_error":284.6718205517448}}