{"mean":{"confidence_interval":{"confidence_level":0.95,"lower_bound":27287.065661326586,"upper_bound":27396.791183685713},"point_estimate":27337.173849846484,"standard_error":27.973861240308057},"median":{"confidence_interval":{"confidence_level":0.95,"lower_bound":27213.305397727272,"upper_bound":27402.047978322087},"point_estimate":27344.376647727273,"standard_error":59.81516529716701},"median_abs_dev":{"confidence_interval":{"confidence_level":0.95,"lower_bound":185.89664601228355,"upper_bound":299.82565380556014},"point_estimate":233.98429911993728,"standard_error":28.361306463252625},"slope":{"confidence_interval":{"confidence_level":0.95,"lower_bound":27299.45314862745,"upper_bound":27407.80510622422},"point_estimate":27354.546205516075,"standard_error":27.581644425140716},"std_dev":{"confidence_interval":{"confidence_level":0.95,"lower_bound":178.2543165453588,"upper_bound":399.946645974469},"point_estimate":281.29395312296305,"standard_error":65.6372501794352}}