{"mean":{"confidence_interval":{"confidence_level":0.95,"lower_bound":39730.0591752103,"upper_bound":40414.9626638159},"point_estimate":40008.181188928094,"standard_error":180.07904101235653},"median":{"confidence_interval":{"confidence_level":0.95,"lower_bound":39617.4847001224,"upper_bound":39753.71200729096},"point_estimate":39672.20159091892,"standard_error":37.56157398392606},"median_abs_dev":{"confidence_interval":{"confidence_level":0.95,"lower_bound":210.87442687823852,"upper_bound":384.1243325344947},"point_estimate":271.5366422967074,"standard_error":44.568432163834224},"slope":{"confidence_interval":{"confidence_level":0.95,"lower_bound":39585.74198672944,"upper_bound":39960.176820876935},"point_estimate":39728.82332760377,"standard_error":99.2034405187128},"std_dev":{"confidence_interval":{"confidence_level":0.95,"lower_bound":331.1028329352528,"upper_bound":2894.1896879419737},"point_estimate":1806.5554788985191,"standard_error":712.1068223009441}}