{"mean":{"confidence_interval":{"confidence_level":0.95,"lower_bound":3745427.8051029285,"upper_bound":3751192.635800372},"point_estimate":3748034.895093834,"standard_error":1483.6957043157693},"median":{"confidence_interval":{"confidence_level":0.95,"lower_bound":3743394.7333333334,"upper_bound":3745828.773809524},"point_estimate":3744587.743478261,"standard_error":581.757160313371},"median_abs_dev":{"confidence_interval":{"confidence_level":0.95,"lower_bound":3411.934462641856,"upper_bound":5927.579293212456},"point_estimate":4751.596241283191,"standard_error":639.5578598265387},"slope":{"confidence_interval":{"confidence_level":0.95,"lower_bound":3743028.633836,"upper_bound":3745627.6795812733},"point_estimate":3744344.9445662773,"standard_error":660.8695823018918},"std_dev":{"confidence_interval":{"confidence_level":0.95,"lower_bound":7674.405649448833,"upper_bound":20982.2504838067},"point_estimate":14952.906121500111,"standard_error":3413.6864496131793}}