{"mean":{"confidence_interval":{"confidence_level":0.95,"lower_bound":168839.4435771087,"upper_bound":169226.0292860375},"point_estimate":169028.58042097493,"standard_error":98.90652493429212},"median":{"confidence_interval":{"confidence_level":0.95,"lower_bound":168426.20809925094,"upper_bound":169150.97237318842},"point_estimate":168847.17610062892,"standard_error":183.95192260798203},"median_abs_dev":{"confidence_interval":{"confidence_level":0.95,"lower_bound":668.5545916448514,"upper_bound":1289.0234255513292},"point_estimate":952.5196760323721,"standard_error":150.33291332836498},"slope":{"confidence_interval":{"confidence_level":0.95,"lower_bound":168668.6501848738,"upper_bound":169146.55490691707},"point_estimate":168895.17010171912,"standard_error":122.11088807323969},"std_dev":{"confidence_interval":{"confidence_level":0.95,"lower_bound":840.8385610167666,"upper_bound":1126.0385808861145},"point_estimate":993.3021442412904,"standard_error":72.87164723963141}}