{"mean":{"confidence_interval":{"confidence_level":0.95,"lower_bound":204105.654987813,"upper_bound":204361.13997936586},"point_estimate":204228.84859180925,"standard_error":65.18160014656299},"median":{"confidence_interval":{"confidence_level":0.95,"lower_bound":203977.43708639705,"upper_bound":204260.1},"point_estimate":204075.86363636365,"standard_error":70.22280262481841},"median_abs_dev":{"confidence_interval":{"confidence_level":0.95,"lower_bound":380.18187243791107,"upper_bound":629.654335042665},"point_estimate":490.7964186176582,"standard_error":62.814922988749565},"slope":{"confidence_interval":{"confidence_level":0.95,"lower_bound":203981.05299090818,"upper_bound":204207.93947568367},"point_estimate":204091.52395005172,"standard_error":57.84120569121466},"std_dev":{"confidence_interval":{"confidence_level":0.95,"lower_bound":500.02084799553313,"upper_bound":789.8231164859235},"point_estimate":654.2514746902175,"standard_error":73.93405037032915}}