{"mean":{"confidence_interval":{"confidence_level":0.95,"lower_bound":198052.5476164626,"upper_bound":198841.64484848996},"point_estimate":198389.0783473156,"standard_error":203.58421676857395},"median":{"confidence_interval":{"confidence_level":0.95,"lower_bound":197900.3789184953,"upper_bound":198172.4355263158},"point_estimate":198001.4525862069,"standard_error":71.74212265637077},"median_abs_dev":{"confidence_interval":{"confidence_level":0.95,"lower_bound":351.1700960731637,"upper_bound":534.5834025212255},"point_estimate":425.6536599149637,"standard_error":46.53127015164534},"slope":{"confidence_interval":{"confidence_level":0.95,"lower_bound":198063.664054073,"upper_bound":199609.6939144827},"point_estimate":198737.58919757648,"standard_error":396.0486891680256},"std_dev":{"confidence_interval":{"confidence_level":0.95,"lower_bound":486.7910573798062,"upper_bound":3135.778090204958},"point_estimate":2049.361033087446,"standard_error":661.944422107106}}