{"mean":{"confidence_interval":{"confidence_level":0.95,"lower_bound":13767.787145939901,"upper_bound":13811.550882939588},"point_estimate":13789.687692465695,"standard_error":11.172073397679391},"median":{"confidence_interval":{"confidence_level":0.95,"lower_bound":13738.756613756614,"upper_bound":13835.731937602628},"point_estimate":13791.165463219186,"standard_error":27.614698728988223},"median_abs_dev":{"confidence_interval":{"confidence_level":0.95,"lower_bound":122.36548671646649,"upper_bound":174.68420465972412},"point_estimate":152.37526121827236,"standard_error":14.057830058976858},"slope":{"confidence_interval":{"confidence_level":0.95,"lower_bound":13850.312602176236,"upper_bound":13885.506581829133},"point_estimate":13869.851401971753,"standard_error":8.978762118007324},"std_dev":{"confidence_interval":{"confidence_level":0.95,"lower_bound":102.41508810952347,"upper_bound":120.05783185854315},"point_estimate":111.94468219651588,"standard_error":4.490235392544228}}