{"mean":{"confidence_interval":{"confidence_level":0.95,"lower_bound":2033.5848402147117,"upper_bound":2047.728789093187},"point_estimate":2039.9268625839163,"standard_error":3.6314750152899156},"median":{"confidence_interval":{"confidence_level":0.95,"lower_bound":2028.5559871368696,"upper_bound":2037.7082590612004},"point_estimate":2032.5891086638276,"standard_error":2.197793309871832},"median_abs_dev":{"confidence_interval":{"confidence_level":0.95,"lower_bound":11.503798424920742,"upper_bound":19.82490232615664},"point_estimate":15.283589765257549,"standard_error":2.0979068730655603},"slope":{"confidence_interval":{"confidence_level":0.95,"lower_bound":2029.4902834097593,"upper_bound":2039.3721713505377},"point_estimate":2033.5880137170873,"standard_error":2.5364871287594113},"std_dev":{"confidence_interval":{"confidence_level":0.95,"lower_bound":18.43092272357392,"upper_bound":54.29005304351002},"point_estimate":36.73187970659324,"standard_error":9.750949490925247}}