{"mean":{"confidence_interval":{"confidence_level":0.95,"lower_bound":569360.8651863431,"upper_bound":575156.0654749097},"point_estimate":572071.3687356771,"standard_error":1475.5964764437067},"median":{"confidence_interval":{"confidence_level":0.95,"lower_bound":566148.7260273972,"upper_bound":576261.6860465116},"point_estimate":572676.468852459,"standard_error":2464.9702821167575},"median_abs_dev":{"confidence_interval":{"confidence_level":0.95,"lower_bound":12188.369778721853,"upper_bound":17796.611572595288},"point_estimate":16431.74280705893,"standard_error":1470.564570619516},"slope":{"confidence_interval":{"confidence_level":0.95,"lower_bound":561925.0473778326,"upper_bound":566864.4299841856},"point_estimate":564041.4658622728,"standard_error":1272.3552978355292},"std_dev":{"confidence_interval":{"confidence_level":0.95,"lower_bound":10563.677644484995,"upper_bound":20289.96790188926},"point_estimate":14852.448430623035,"standard_error":2935.6204279630383}}