{"mean":{"confidence_interval":{"confidence_level":0.95,"lower_bound":218786.69373731184,"upper_bound":219198.95296294123},"point_estimate":218968.66252474062,"standard_error":105.67723393240553},"median":{"confidence_interval":{"confidence_level":0.95,"lower_bound":218647.15315315317,"upper_bound":218860.56858632088},"point_estimate":218755.38718553458,"standard_error":67.8230255670965},"median_abs_dev":{"confidence_interval":{"confidence_level":0.95,"lower_bound":291.4591514922251,"upper_bound":505.74013491971954},"point_estimate":376.76691261616884,"standard_error":56.90911099763505},"slope":{"confidence_interval":{"confidence_level":0.95,"lower_bound":218624.98456026908,"upper_bound":218802.7024128621},"point_estimate":218710.94811388603,"standard_error":45.37505093607296},"std_dev":{"confidence_interval":{"confidence_level":0.95,"lower_bound":488.21270691839595,"upper_bound":1562.690669868342},"point_estimate":1062.6283198979415,"standard_error":285.95320863288964}}