{"mean":{"confidence_interval":{"confidence_level":0.95,"lower_bound":255164.2648442859,"upper_bound":255537.89723929632},"point_estimate":255328.50581583864,"standard_error":95.63421235185304},"median":{"confidence_interval":{"confidence_level":0.95,"lower_bound":255122.88524590165,"upper_bound":255370.275},"point_estimate":255206.56263736263,"standard_error":58.81090999794642},"median_abs_dev":{"confidence_interval":{"confidence_level":0.95,"lower_bound":469.7642526916073,"upper_bound":726.6164735490635},"point_estimate":584.7707362790821,"standard_error":59.66600151659311},"slope":{"confidence_interval":{"confidence_level":0.95,"lower_bound":254927.4569618022,"upper_bound":255099.61412372396},"point_estimate":255006.2596482932,"standard_error":43.847558446468085},"std_dev":{"confidence_interval":{"confidence_level":0.95,"lower_bound":507.474948367426,"upper_bound":1473.9227501790383},"point_estimate":966.6540399181233,"standard_error":304.3199116382515}}