{"mean":{"confidence_interval":{"confidence_level":0.95,"lower_bound":1112.7850262484362,"upper_bound":1127.3596151757506},"point_estimate":1119.2863408560004,"standard_error":3.7479420838556328},"median":{"confidence_interval":{"confidence_level":0.95,"lower_bound":1106.3382594417078,"upper_bound":1118.1260135633202},"point_estimate":1110.9580355751464,"standard_error":2.9374141975195083},"median_abs_dev":{"confidence_interval":{"confidence_level":0.95,"lower_bound":14.145628912296436,"upper_bound":23.942193735187},"point_estimate":18.355532088024745,"standard_error":2.5574431881206077},"slope":{"confidence_interval":{"confidence_level":0.95,"lower_bound":1111.0388453969672,"upper_bound":1134.1025546134804},"point_estimate":1120.8519522144113,"standard_error":5.9511756462626515},"std_dev":{"confidence_interval":{"confidence_level":0.95,"lower_bound":19.425297966503148,"upper_bound":55.183330936901086},"point_estimate":37.65913386383962,"standard_error":9.763907215319696}}