{"mean":{"confidence_interval":{"confidence_level":0.95,"lower_bound":133789.188499762,"upper_bound":134136.0760455589},"point_estimate":133956.50992332876,"standard_error":88.17228757695575},"median":{"confidence_interval":{"confidence_level":0.95,"lower_bound":133641.5378037574,"upper_bound":133939.06818181818},"point_estimate":133778.9464777105,"standard_error":71.3973784436742},"median_abs_dev":{"confidence_interval":{"confidence_level":0.95,"lower_bound":451.4348442581724,"upper_bound":725.5419547583195},"point_estimate":623.0211644822616,"standard_error":71.87058245856112},"slope":{"confidence_interval":{"confidence_level":0.95,"lower_bound":133507.30635830777,"upper_bound":133776.53970644233},"point_estimate":133643.17768065614,"standard_error":68.58956320655456},"std_dev":{"confidence_interval":{"confidence_level":0.95,"lower_bound":678.8732756259251,"upper_bound":1081.7153188480756},"point_estimate":887.7077560632677,"standard_error":103.70921018180464}}