{"mean":{"confidence_interval":{"confidence_level":0.95,"lower_bound":-0.09366022073884327,"upper_bound":0.03406759743406429},"point_estimate":-0.03512442299371499,"standard_error":0.03259592341040101},"median":{"confidence_interval":{"confidence_level":0.95,"lower_bound":-0.08640894071449984,"upper_bound":-0.04359481619814831},"point_estimate":-0.06478040161139109,"standard_error":0.0110279569137648}}