{"mean":{"confidence_interval":{"confidence_level":0.95,"lower_bound":-0.016481622157159766,"upper_bound":0.06033336613908707},"point_estimate":0.016509932436670427,"standard_error":0.019969487099928383},"median":{"confidence_interval":{"confidence_level":0.95,"lower_bound":-0.031037618392447563,"upper_bound":0.017748781133641423},"point_estimate":-0.007204178899800406,"standard_error":0.01183048589334192}}