{"mean":{"confidence_interval":{"confidence_level":0.95,"lower_bound":-0.0013461595744217452,"upper_bound":0.03212456409160217},"point_estimate":0.01592926669186423,"standard_error":0.00857719452454626},"median":{"confidence_interval":{"confidence_level":0.95,"lower_bound":-0.004306270182326433,"upper_bound":0.03098042663660394},"point_estimate":0.015366584676527184,"standard_error":0.008894190093225961}}