{"mean":{"confidence_interval":{"confidence_level":0.95,"lower_bound":-0.013925747855266905,"upper_bound":0.014364957945646437},"point_estimate":0.00014223484804642972,"standard_error":0.0072908723938645845},"median":{"confidence_interval":{"confidence_level":0.95,"lower_bound":-0.012631351291534032,"upper_bound":0.014351881795528154},"point_estimate":-0.0014410446495890517,"standard_error":0.006898876162490821}}