{"mean":{"confidence_interval":{"confidence_level":0.95,"lower_bound":-0.020620595647231742,"upper_bound":0.013166422000460365},"point_estimate":-0.0037247464552553344,"standard_error":0.00860259644209576},"median":{"confidence_interval":{"confidence_level":0.95,"lower_bound":-0.02407191072525061,"upper_bound":0.012756797771302786},"point_estimate":-0.007130829381336357,"standard_error":0.009031671160602734}}