{"mean":{"confidence_interval":{"confidence_level":0.95,"lower_bound":652.7441888900532,"upper_bound":750.5896748150956},"point_estimate":686.1324643467057,"standard_error":31.3049691931423},"median":{"confidence_interval":{"confidence_level":0.95,"lower_bound":651.4452973497091,"upper_bound":654.5432880844645},"point_estimate":652.6476061768581,"standard_error":0.7563111305961223},"median_abs_dev":{"confidence_interval":{"confidence_level":0.95,"lower_bound":5.176319036246283,"upper_bound":10.005793619758396},"point_estimate":6.896444989165598,"standard_error":1.2036400847988593},"slope":{"confidence_interval":{"confidence_level":0.95,"lower_bound":651.065321539393,"upper_bound":664.0311551962541},"point_estimate":655.5848811272699,"standard_error":3.5421648102400343},"std_dev":{"confidence_interval":{"confidence_level":0.95,"lower_bound":10.255336381417289,"upper_bound":536.9298383750718},"point_estimate":313.2250060500213,"standard_error":190.70094948058048}}