{"mean":{"confidence_interval":{"confidence_level":0.95,"lower_bound":10539.70757070207,"upper_bound":10592.127851610136},"point_estimate":10561.838398186264,"standard_error":13.563990735103067},"median":{"confidence_interval":{"confidence_level":0.95,"lower_bound":10522.719298245614,"upper_bound":10550.535499222999},"point_estimate":10539.993663194444,"standard_error":7.43764344374274},"median_abs_dev":{"confidence_interval":{"confidence_level":0.95,"lower_bound":37.06088100870456,"upper_bound":63.8384252367104},"point_estimate":50.19213301737625,"standard_error":7.087599276402589},"slope":{"confidence_interval":{"confidence_level":0.95,"lower_bound":10556.79819413984,"upper_bound":10583.309483097311},"point_estimate":10570.739919215803,"standard_error":6.763928359346009},"std_dev":{"confidence_interval":{"confidence_level":0.95,"lower_bound":45.89963478373403,"upper_bound":213.2526999812246},"point_estimate":136.37012869924166,"standard_error":46.55427620014196}}