{"mean":{"confidence_interval":{"confidence_level":0.95,"lower_bound":2071.5869317804704,"upper_bound":2212.4567842034194},"point_estimate":2133.324641830876,"standard_error":36.24370239708377},"median":{"confidence_interval":{"confidence_level":0.95,"lower_bound":2019.9501385041551,"upper_bound":2095.5},"point_estimate":2059.6591202270383,"standard_error":18.436822719144974},"median_abs_dev":{"confidence_interval":{"confidence_level":0.95,"lower_bound":99.61407318364974,"upper_bound":157.27429365373965},"point_estimate":135.76798423752865,"standard_error":14.570488517402767},"slope":{"confidence_interval":{"confidence_level":0.95,"lower_bound":2044.6922364895806,"upper_bound":2180.0207098617934},"point_estimate":2101.023608767004,"standard_error":35.0950417491619},"std_dev":{"confidence_interval":{"confidence_level":0.95,"lower_bound":154.319601723584,"upper_bound":543.7851330574332},"point_estimate":364.09657405184436,"standard_error":102.64755677658516}}