{"mean":{"confidence_interval":{"confidence_level":0.95,"lower_bound":-0.10564391498323022,"upper_bound":-0.08304452122430905},"point_estimate":-0.09433341663732642,"standard_error":0.0058370119805952435},"median":{"confidence_interval":{"confidence_level":0.95,"lower_bound":-0.10855459147512492,"upper_bound":-0.08657432399468268},"point_estimate":-0.10039161764700744,"standard_error":0.005826855724015814}}