{"mean":{"confidence_interval":{"confidence_level":0.95,"lower_bound":208767.9951371406,"upper_bound":211608.14252374382},"point_estimate":209752.66008675363,"standard_error":870.8868172571072},"median":{"confidence_interval":{"confidence_level":0.95,"lower_bound":208538.4411764706,"upper_bound":208999.27083333334},"point_estimate":208740.42045454544,"standard_error":120.3658473601795},"median_abs_dev":{"confidence_interval":{"confidence_level":0.95,"lower_bound":426.4166382629398,"upper_bound":725.1745771574216},"point_estimate":590.3669521147073,"standard_error":76.27602745560579},"slope":{"confidence_interval":{"confidence_level":0.95,"lower_bound":208429.24990360087,"upper_bound":216750.0580009943},"point_estimate":211078.89020934928,"standard_error":2490.2291864265},"std_dev":{"confidence_interval":{"confidence_level":0.95,"lower_bound":468.1954765387152,"upper_bound":15053.606537919628},"point_estimate":8797.85827922866,"standard_error":5165.237641553351}}