{"mean":{"confidence_interval":{"confidence_level":0.95,"lower_bound":196646.2864086078,"upper_bound":196900.52861873579},"point_estimate":196762.97343493288,"standard_error":65.23581959327284},"median":{"confidence_interval":{"confidence_level":0.95,"lower_bound":196426.77564102566,"upper_bound":196749.3963963964},"point_estimate":196592.9195302557,"standard_error":79.04108078755515},"median_abs_dev":{"confidence_interval":{"confidence_level":0.95,"lower_bound":306.9418738436098,"upper_bound":606.8025326020892},"point_estimate":426.1332505375986,"standard_error":82.06895856216542},"slope":{"confidence_interval":{"confidence_level":0.95,"lower_bound":196345.98345710113,"upper_bound":196432.77316286787},"point_estimate":196384.96384217526,"standard_error":22.08722380255404},"std_dev":{"confidence_interval":{"confidence_level":0.95,"lower_bound":417.0042081308111,"upper_bound":925.2331586977948},"point_estimate":657.5292308591457,"standard_error":147.18338344775546}}