{"mean":{"confidence_interval":{"confidence_level":0.95,"lower_bound":14820.895169549513,"upper_bound":14855.691960270056},"point_estimate":14837.961308330016,"standard_error":8.88865136533013},"median":{"confidence_interval":{"confidence_level":0.95,"lower_bound":14786.589189679136,"upper_bound":14852.406145878604},"point_estimate":14812.146098622661,"standard_error":14.653623617044916},"median_abs_dev":{"confidence_interval":{"confidence_level":0.95,"lower_bound":57.73329860946924,"upper_bound":115.1027551251715},"point_estimate":86.56791183655767,"standard_error":14.011803605569774},"slope":{"confidence_interval":{"confidence_level":0.95,"lower_bound":14858.022825652286,"upper_bound":14897.20079196906},"point_estimate":14879.152430460037,"standard_error":10.00504111299239},"std_dev":{"confidence_interval":{"confidence_level":0.95,"lower_bound":75.50302973775054,"upper_bound":104.67021990323519},"point_estimate":89.40865173787734,"standard_error":7.545603519885327}}