{"mean":{"confidence_interval":{"confidence_level":0.95,"lower_bound":12308.50981028595,"upper_bound":12340.701729017603},"point_estimate":12324.499404359005,"standard_error":8.218264175303391},"median":{"confidence_interval":{"confidence_level":0.95,"lower_bound":12287.857142857143,"upper_bound":12349.543904518328},"point_estimate":12305.814168552035,"standard_error":16.18005116636527},"median_abs_dev":{"confidence_interval":{"confidence_level":0.95,"lower_bound":78.36335152911212,"upper_bound":122.4515918154145},"point_estimate":102.13815866923947,"standard_error":10.802776886108216},"slope":{"confidence_interval":{"confidence_level":0.95,"lower_bound":12352.468128676574,"upper_bound":12384.754483144734},"point_estimate":12370.159201662045,"standard_error":8.237002786362511},"std_dev":{"confidence_interval":{"confidence_level":0.95,"lower_bound":72.80014326326649,"upper_bound":91.72909669350493},"point_estimate":82.34163827232577,"standard_error":4.83676577749092}}