{"mean":{"confidence_interval":{"confidence_level":0.95,"lower_bound":157650.3459128733,"upper_bound":157780.87213999612},"point_estimate":157713.23459623504,"standard_error":33.314369011078725},"median":{"confidence_interval":{"confidence_level":0.95,"lower_bound":157586.39333694475,"upper_bound":157696.27516233764},"point_estimate":157639.34186022182,"standard_error":32.236061000219564},"median_abs_dev":{"confidence_interval":{"confidence_level":0.95,"lower_bound":150.75258799657723,"upper_bound":269.80147352577694},"point_estimate":192.62446414781218,"standard_error":31.085586659888193},"slope":{"confidence_interval":{"confidence_level":0.95,"lower_bound":157510.0078323517,"upper_bound":157595.98576941167},"point_estimate":157551.46730308852,"standard_error":21.906859658884443},"std_dev":{"confidence_interval":{"confidence_level":0.95,"lower_bound":249.6771294747511,"upper_bound":418.9062902728128},"point_estimate":335.51830150722367,"standard_error":43.74269370307252}}