{"mean":{"confidence_interval":{"confidence_level":0.95,"lower_bound":108107.64312184464,"upper_bound":108572.82159486743},"point_estimate":108296.06885801068,"standard_error":121.80169071573094},"median":{"confidence_interval":{"confidence_level":0.95,"lower_bound":107968.13878446116,"upper_bound":108243.76315789473},"point_estimate":108102.08915145005,"standard_error":68.41278831168438},"median_abs_dev":{"confidence_interval":{"confidence_level":0.95,"lower_bound":351.9027447030996,"upper_bound":585.5714269395605},"point_estimate":523.3794814123635,"standard_error":61.99824416055085},"slope":{"confidence_interval":{"confidence_level":0.95,"lower_bound":108118.85579969862,"upper_bound":108309.60548135563},"point_estimate":108213.49861230585,"standard_error":48.57952232658803},"std_dev":{"confidence_interval":{"confidence_level":0.95,"lower_bound":457.18371566588854,"upper_bound":1967.5969117292018},"point_estimate":1224.0663072805676,"standard_error":491.7272606827708}}