{"mean":{"confidence_interval":{"confidence_level":0.95,"lower_bound":9383.794042325802,"upper_bound":9946.896377804604},"point_estimate":9665.441404234107,"standard_error":140.59197070219446},"median":{"confidence_interval":{"confidence_level":0.95,"lower_bound":8375.194416639992,"upper_bound":11175.694185211772},"point_estimate":8383.459170854272,"standard_error":1086.735096959024},"median_abs_dev":{"confidence_interval":{"confidence_level":0.95,"lower_bound":26.87920755235593,"upper_bound":2093.5956297228104},"point_estimate":53.5712341804617,"standard_error":470.9797412816702},"slope":{"confidence_interval":{"confidence_level":0.95,"lower_bound":9415.340738269948,"upper_bound":10156.85882605495},"point_estimate":9784.787003541425,"standard_error":189.0959490525856},"std_dev":{"confidence_interval":{"confidence_level":0.95,"lower_bound":1363.097910396271,"upper_bound":1420.4797917028538},"point_estimate":1414.6417896624446,"standard_error":15.439720542182178}}