{"mean":{"confidence_interval":{"confidence_level":0.95,"lower_bound":220120.5160808011,"upper_bound":220683.88950839118},"point_estimate":220390.37379557904,"standard_error":143.42412319599646},"median":{"confidence_interval":{"confidence_level":0.95,"lower_bound":219908.7421947915,"upper_bound":220454.2695652174},"point_estimate":220106.90329912025,"standard_error":153.11013032830604},"median_abs_dev":{"confidence_interval":{"confidence_level":0.95,"lower_bound":721.1755983965577,"upper_bound":1184.6068946211979},"point_estimate":927.832946968967,"standard_error":116.88961620376257},"slope":{"confidence_interval":{"confidence_level":0.95,"lower_bound":220000.21587687466,"upper_bound":220703.00594484198},"point_estimate":220326.75561519136,"standard_error":180.5673168940308},"std_dev":{"confidence_interval":{"confidence_level":0.95,"lower_bound":1061.330691349098,"upper_bound":1786.3065696531505},"point_estimate":1440.4028281389988,"standard_error":185.78877211223949}}