{"mean":{"confidence_interval":{"confidence_level":0.95,"lower_bound":212264.48200560297,"upper_bound":212429.25709057463},"point_estimate":212344.45048632968,"standard_error":41.86498700567033},"median":{"confidence_interval":{"confidence_level":0.95,"lower_bound":212153.97083333333,"upper_bound":212329.45614035087},"point_estimate":212231.6800076234,"standard_error":38.478971437893655},"median_abs_dev":{"confidence_interval":{"confidence_level":0.95,"lower_bound":271.4276019919814,"upper_bound":472.9363593846848},"point_estimate":386.639221749019,"standard_error":52.838299767568394},"slope":{"confidence_interval":{"confidence_level":0.95,"lower_bound":212033.95492862718,"upper_bound":212136.73489295764},"point_estimate":212081.06836214964,"standard_error":26.241958232227837},"std_dev":{"confidence_interval":{"confidence_level":0.95,"lower_bound":347.58196335042,"upper_bound":484.80420781076555},"point_estimate":420.83939237042404,"standard_error":35.23121606107307}}