{"mean":{"confidence_interval":{"confidence_level":0.95,"lower_bound":1397.8079558615548,"upper_bound":1416.9636133048837},"point_estimate":1407.2167960857623,"standard_error":4.886035922469176},"median":{"confidence_interval":{"confidence_level":0.95,"lower_bound":1416.9327350206613,"upper_bound":1424.783972252647},"point_estimate":1422.3177169421488,"standard_error":2.081464054206869},"median_abs_dev":{"confidence_interval":{"confidence_level":0.95,"lower_bound":10.94335806758627,"upper_bound":29.716321688338752},"point_estimate":15.713584654479956,"standard_error":5.141011602350675},"slope":{"confidence_interval":{"confidence_level":0.95,"lower_bound":1424.0997411744431,"upper_bound":1448.915431881379},"point_estimate":1433.9617987291267,"standard_error":6.813346613864612},"std_dev":{"confidence_interval":{"confidence_level":0.95,"lower_bound":37.303200336422975,"upper_bound":62.45446352369999},"point_estimate":49.1584591647239,"standard_error":6.660787381262368}}