{"mean":{"confidence_interval":{"confidence_level":0.95,"lower_bound":4499.404090352835,"upper_bound":4552.404971020985},"point_estimate":4521.999372364669,"standard_error":13.743345794510564},"median":{"confidence_interval":{"confidence_level":0.95,"lower_bound":4515.244081439394,"upper_bound":4534.728130360206},"point_estimate":4523.886960865222,"standard_error":4.710472764813123},"median_abs_dev":{"confidence_interval":{"confidence_level":0.95,"lower_bound":20.755421454781086,"upper_bound":77.8720660417368},"point_estimate":36.509846683169386,"standard_error":15.862534914013615},"slope":{"confidence_interval":{"confidence_level":0.95,"lower_bound":4523.242346490065,"upper_bound":4539.322021415612},"point_estimate":4530.443376143585,"standard_error":4.120250932108171},"std_dev":{"confidence_interval":{"confidence_level":0.95,"lower_bound":59.42321955342357,"upper_bound":216.89334086305118},"point_estimate":138.75586112801102,"standard_error":48.38917993474341}}