{"mean":{"confidence_interval":{"confidence_level":0.95,"lower_bound":46791.425255993214,"upper_bound":46892.109936520006},"point_estimate":46842.38808037057,"standard_error":25.68447218770054},"median":{"confidence_interval":{"confidence_level":0.95,"lower_bound":46599.4918957012,"upper_bound":47040.778668805135},"point_estimate":47017.18217054264,"standard_error":77.45553615108506},"median_abs_dev":{"confidence_interval":{"confidence_level":0.95,"lower_bound":57.44758667219417,"upper_bound":339.26309752579266},"point_estimate":105.98735325339716,"standard_error":59.92929105199315},"slope":{"confidence_interval":{"confidence_level":0.95,"lower_bound":46793.38995901185,"upper_bound":46932.605249869375},"point_estimate":46864.2268322674,"standard_error":35.51927100866484},"std_dev":{"confidence_interval":{"confidence_level":0.95,"lower_bound":242.73944843799754,"upper_bound":266.7999812577661},"point_estimate":257.9229892949924,"standard_error":6.067690505938904}}