{"mean":{"confidence_interval":{"confidence_level":0.95,"lower_bound":8603.088164624776,"upper_bound":8721.836580602218},"point_estimate":8653.042871169151,"standard_error":30.756151294452774},"median":{"confidence_interval":{"confidence_level":0.95,"lower_bound":8580.413713858157,"upper_bound":8631.26676163343},"point_estimate":8600.668368736384,"standard_error":15.011157874531039},"median_abs_dev":{"confidence_interval":{"confidence_level":0.95,"lower_bound":76.75469324044832,"upper_bound":136.24573179819205},"point_estimate":99.73512134182269,"standard_error":15.070397865605768},"slope":{"confidence_interval":{"confidence_level":0.95,"lower_bound":8655.175779224533,"upper_bound":8700.084980843158},"point_estimate":8678.944249818016,"standard_error":11.474973162425616},"std_dev":{"confidence_interval":{"confidence_level":0.95,"lower_bound":103.69863372304265,"upper_bound":486.83850024133454},"point_estimate":309.18073275420534,"standard_error":107.9137564173364}}