{"mean":{"confidence_interval":{"confidence_level":0.95,"lower_bound":209856.48860781325,"upper_bound":210213.3053352615},"point_estimate":210023.23529062903,"standard_error":91.16562412172298},"median":{"confidence_interval":{"confidence_level":0.95,"lower_bound":209692.96405228757,"upper_bound":210003.85744810745},"point_estimate":209856.2361469997,"standard_error":84.42584788932322},"median_abs_dev":{"confidence_interval":{"confidence_level":0.95,"lower_bound":487.48979213463036,"upper_bound":783.053870389691},"point_estimate":643.6447294028186,"standard_error":79.8439367536517},"slope":{"confidence_interval":{"confidence_level":0.95,"lower_bound":209445.43945263125,"upper_bound":209608.03248324647},"point_estimate":209520.90588936507,"standard_error":41.49404412663484},"std_dev":{"confidence_interval":{"confidence_level":0.95,"lower_bound":592.2531327917338,"upper_bound":1213.9208340881914},"point_estimate":918.7889831089458,"standard_error":159.24528241047997}}