{"mean":{"confidence_interval":{"confidence_level":0.95,"lower_bound":-0.0410096136785868,"upper_bound":0.10878219425608004},"point_estimate":0.03319870238261102,"standard_error":0.03832700800568781},"median":{"confidence_interval":{"confidence_level":0.95,"lower_bound":-0.0069815397369214025,"upper_bound":0.04154413120593525},"point_estimate":0.015571613342895141,"standard_error":0.012190643961610773}}