{"mean":{"confidence_interval":{"confidence_level":0.95,"lower_bound":1189693.5526253015,"upper_bound":1320632.9566791637},"point_estimate":1245094.5513417802,"standard_error":33895.31599695404},"median":{"confidence_interval":{"confidence_level":0.95,"lower_bound":1142617.179597701,"upper_bound":1167182.445970696},"point_estimate":1151687.002256672,"standard_error":5866.194323531525},"median_abs_dev":{"confidence_interval":{"confidence_level":0.95,"lower_bound":21806.43494764087,"upper_bound":53347.273148949134},"point_estimate":34161.97863316455,"standard_error":7581.538709660905},"slope":{"confidence_interval":{"confidence_level":0.95,"lower_bound":1135140.6316593257,"upper_bound":1141440.395511838},"point_estimate":1137856.3291709768,"standard_error":1606.3411053542245},"std_dev":{"confidence_interval":{"confidence_level":0.95,"lower_bound":114839.97864657862,"upper_bound":535071.5430018452},"point_estimate":341275.86381807673,"standard_error":116981.54825394126}}