{"mean":{"confidence_interval":{"confidence_level":0.95,"lower_bound":909841.8512324195,"upper_bound":911428.479594718},"point_estimate":910646.2170919798,"standard_error":403.90313938193106},"median":{"confidence_interval":{"confidence_level":0.95,"lower_bound":909394.9,"upper_bound":910336.5046296297},"point_estimate":909780.8626623377,"standard_error":240.3803205040232},"median_abs_dev":{"confidence_interval":{"confidence_level":0.95,"lower_bound":1630.5718205677192,"upper_bound":3898.329363098643},"point_estimate":2522.4083380307716,"standard_error":610.0775528768355},"slope":{"confidence_interval":{"confidence_level":0.95,"lower_bound":912175.2695832436,"upper_bound":913580.9667889895},"point_estimate":912911.6693660411,"standard_error":359.64470000200345},"std_dev":{"confidence_interval":{"confidence_level":0.95,"lower_bound":3227.349657788503,"upper_bound":4845.995596904987},"point_estimate":4066.834658857089,"standard_error":415.53739472447177}}