{"mean":{"confidence_interval":{"confidence_level":0.95,"lower_bound":814538.5833355151,"upper_bound":818878.2177536149},"point_estimate":816708.2732129236,"standard_error":1108.3445821758799},"median":{"confidence_interval":{"confidence_level":0.95,"lower_bound":808780.5972222222,"upper_bound":822084.9125},"point_estimate":816677.9477777777,"standard_error":3513.5633085403424},"median_abs_dev":{"confidence_interval":{"confidence_level":0.95,"lower_bound":8777.754046207958,"upper_bound":18028.851356239575},"point_estimate":16109.509122147307,"standard_error":2578.397165734062},"slope":{"confidence_interval":{"confidence_level":0.95,"lower_bound":807183.6832285385,"upper_bound":809794.7676821178},"point_estimate":808345.4091133442,"standard_error":666.7705688479246},"std_dev":{"confidence_interval":{"confidence_level":0.95,"lower_bound":10276.041646616142,"upper_bound":11829.777603448758},"point_estimate":11139.359704075003,"standard_error":395.9914442670867}}