{"mean":{"confidence_interval":{"confidence_level":0.95,"lower_bound":15144.675135539745,"upper_bound":15213.112535086539},"point_estimate":15175.864153895553,"standard_error":17.502958884672484},"median":{"confidence_interval":{"confidence_level":0.95,"lower_bound":15116.808928571429,"upper_bound":15171.157839721254},"point_estimate":15135.57344720497,"standard_error":13.596882912616751},"median_abs_dev":{"confidence_interval":{"confidence_level":0.95,"lower_bound":86.75599566985608,"upper_bound":142.16743810102344},"point_estimate":119.04317529736724,"standard_error":14.430005297595699},"slope":{"confidence_interval":{"confidence_level":0.95,"lower_bound":15103.30287088054,"upper_bound":15168.849029559642},"point_estimate":15133.38109008001,"standard_error":16.72174276457981},"std_dev":{"confidence_interval":{"confidence_level":0.95,"lower_bound":106.13004768743743,"upper_bound":249.86547180982657},"point_estimate":175.7761317246549,"standard_error":39.94439004718068}}