{"mean":{"confidence_interval":{"confidence_level":0.95,"lower_bound":498614.5155673188,"upper_bound":500183.1928277519},"point_estimate":499393.3484609004,"standard_error":401.32481219932765},"median":{"confidence_interval":{"confidence_level":0.95,"lower_bound":498127.5074951644,"upper_bound":500341.44444444444},"point_estimate":499349.95499999996,"standard_error":543.8918494565735},"median_abs_dev":{"confidence_interval":{"confidence_level":0.95,"lower_bound":3851.226834654969,"upper_bound":5971.189101958607},"point_estimate":4863.949122170886,"standard_error":532.0949656599645},"slope":{"confidence_interval":{"confidence_level":0.95,"lower_bound":496031.3360702476,"upper_bound":497287.2091884385},"point_estimate":496608.82852667355,"standard_error":321.01003837781343},"std_dev":{"confidence_interval":{"confidence_level":0.95,"lower_bound":3604.7855636703416,"upper_bound":4404.239581266197},"point_estimate":4041.9114594976922,"standard_error":204.3372332616134}}