{"mean":{"confidence_interval":{"confidence_level":0.95,"lower_bound":192268.50411982404,"upper_bound":192574.27538745152},"point_estimate":192402.86900534676,"standard_error":78.58292304611925},"median":{"confidence_interval":{"confidence_level":0.95,"lower_bound":192159.60853227234,"upper_bound":192367.85606060605},"point_estimate":192250.36570340503,"standard_error":58.30628817225827},"median_abs_dev":{"confidence_interval":{"confidence_level":0.95,"lower_bound":339.52255926928876,"upper_bound":575.3577571768712},"point_estimate":483.93530297093236,"standard_error":58.72219105345947},"slope":{"confidence_interval":{"confidence_level":0.95,"lower_bound":191976.40908119586,"upper_bound":192081.91063866852},"point_estimate":192024.17209103,"standard_error":26.981838829052954},"std_dev":{"confidence_interval":{"confidence_level":0.95,"lower_bound":420.4224433932189,"upper_bound":1175.113681771833},"point_estimate":785.108019600583,"standard_error":231.550003884374}}