{"mean":{"confidence_interval":{"confidence_level":0.95,"lower_bound":549308.5887996728,"upper_bound":561290.5265922276},"point_estimate":555160.423273209,"standard_error":3058.4918068543575},"median":{"confidence_interval":{"confidence_level":0.95,"lower_bound":545264.5161290322,"upper_bound":555527.3067982455},"point_estimate":551189.965719697,"standard_error":2990.2411755916614},"median_abs_dev":{"confidence_interval":{"confidence_level":0.95,"lower_bound":20201.500593175635,"upper_bound":33744.98114742954},"point_estimate":26937.487684125503,"standard_error":3495.911730618767},"slope":{"confidence_interval":{"confidence_level":0.95,"lower_bound":548010.8172637024,"upper_bound":562042.5417263464},"point_estimate":554798.7067459731,"standard_error":3587.818622367536},"std_dev":{"confidence_interval":{"confidence_level":0.95,"lower_bound":25380.856709100364,"upper_bound":35716.37067051012},"point_estimate":30777.693735915447,"standard_error":2645.0291682446464}}