{"mean":{"confidence_interval":{"confidence_level":0.95,"lower_bound":247434.0990171692,"upper_bound":247723.97720903196},"point_estimate":247571.77331361533,"standard_error":74.18872238805632},"median":{"confidence_interval":{"confidence_level":0.95,"lower_bound":247179.80487804877,"upper_bound":247526.5},"point_estimate":247400.74843647136,"standard_error":100.22090067095618},"median_abs_dev":{"confidence_interval":{"confidence_level":0.95,"lower_bound":406.13743605130134,"upper_bound":808.4693678085725},"point_estimate":603.894033278733,"standard_error":104.98832551809545},"slope":{"confidence_interval":{"confidence_level":0.95,"lower_bound":247044.26740234546,"upper_bound":247201.93974122914},"point_estimate":247117.81123392936,"standard_error":40.235046408017055},"std_dev":{"confidence_interval":{"confidence_level":0.95,"lower_bound":558.1394421510176,"upper_bound":966.7177305767688},"point_estimate":746.8885724717964,"standard_error":111.91594275715899}}