{"mean":{"confidence_interval":{"confidence_level":0.95,"lower_bound":22463.18237626057,"upper_bound":22531.023221525094},"point_estimate":22493.90056038606,"standard_error":17.32616530046817},"median":{"confidence_interval":{"confidence_level":0.95,"lower_bound":22443.568064516126,"upper_bound":22517.266666666666},"point_estimate":22480.654563492062,"standard_error":20.232872322614053},"median_abs_dev":{"confidence_interval":{"confidence_level":0.95,"lower_bound":103.28278990039443,"upper_bound":167.88437014445591},"point_estimate":137.7482788344815,"standard_error":15.826149479955216},"slope":{"confidence_interval":{"confidence_level":0.95,"lower_bound":22405.288322579945,"upper_bound":22443.455863739113},"point_estimate":22422.67666794739,"standard_error":9.746080291849529},"std_dev":{"confidence_interval":{"confidence_level":0.95,"lower_bound":107.58706711331283,"upper_bound":251.01099378387784},"point_estimate":173.73141112029052,"standard_error":43.92655004318556}}