{"mean":{"confidence_interval":{"confidence_level":0.95,"lower_bound":2113.9127321913625,"upper_bound":2154.325831790166},"point_estimate":2134.4746532756008,"standard_error":10.288906183809384},"median":{"confidence_interval":{"confidence_level":0.95,"lower_bound":2140.4801900170164,"upper_bound":2190.188596491228},"point_estimate":2175.4533339665654,"standard_error":12.73867942823158},"median_abs_dev":{"confidence_interval":{"confidence_level":0.95,"lower_bound":50.10088633623522,"upper_bound":124.8052526601292},"point_estimate":79.41524093682223,"standard_error":18.305139742434775},"slope":{"confidence_interval":{"confidence_level":0.95,"lower_bound":2194.403244782017,"upper_bound":2216.5641083502937},"point_estimate":2206.0451440076845,"standard_error":5.637091216935253},"std_dev":{"confidence_interval":{"confidence_level":0.95,"lower_bound":92.30809653181402,"upper_bound":112.70442429317613},"point_estimate":103.38793865726805,"standard_error":5.183178369410651}}