{"mean":{"confidence_interval":{"confidence_level":0.95,"lower_bound":-0.011196533931819075,"upper_bound":0.0270076091388205},"point_estimate":0.007044445939949462,"standard_error":0.009750345745947835},"median":{"confidence_interval":{"confidence_level":0.95,"lower_bound":-0.005642627495946462,"upper_bound":0.03508998499414573},"point_estimate":0.008554834946405965,"standard_error":0.010701766592653808}}