{"mean":{"confidence_interval":{"confidence_level":0.95,"lower_bound":-0.041688414556634794,"upper_bound":-0.006033721767466456},"point_estimate":-0.024910440651700227,"standard_error":0.009112238114628881},"median":{"confidence_interval":{"confidence_level":0.95,"lower_bound":-0.03708456483564593,"upper_bound":0.0077806483358693335},"point_estimate":-0.012661763621622857,"standard_error":0.01141924164590186}}