{"mean":{"confidence_interval":{"confidence_level":0.95,"lower_bound":10582.715143848542,"upper_bound":10613.568759915568},"point_estimate":10597.524783712946,"standard_error":7.888435667097529},"median":{"confidence_interval":{"confidence_level":0.95,"lower_bound":10559.980186480187,"upper_bound":10597.321678321678},"point_estimate":10579.85128205128,"standard_error":10.254052487526689},"median_abs_dev":{"confidence_interval":{"confidence_level":0.95,"lower_bound":51.6727825341376,"upper_bound":91.82242525906317},"point_estimate":74.9787284786114,"standard_error":10.175591549001082},"slope":{"confidence_interval":{"confidence_level":0.95,"lower_bound":10613.444053322373,"upper_bound":10647.784928694728},"point_estimate":10631.622313489674,"standard_error":8.79459771531698},"std_dev":{"confidence_interval":{"confidence_level":0.95,"lower_bound":61.153232927241454,"upper_bound":99.20929376786285},"point_estimate":79.01566098284842,"standard_error":10.116164834831748}}