{"mean":{"confidence_interval":{"confidence_level":0.95,"lower_bound":2399913.177001876,"upper_bound":2656071.6005188916},"point_estimate":2508256.799190578,"standard_error":66786.63742925509},"median":{"confidence_interval":{"confidence_level":0.95,"lower_bound":2305820.730357143,"upper_bound":2353086.153846154},"point_estimate":2320868.6781632653,"standard_error":12451.52595301917},"median_abs_dev":{"confidence_interval":{"confidence_level":0.95,"lower_bound":42990.165638706814,"upper_bound":103959.23665618412},"point_estimate":67092.17984123298,"standard_error":15380.011657367828},"slope":{"confidence_interval":{"confidence_level":0.95,"lower_bound":2291716.9782936983,"upper_bound":2317816.3968350664},"point_estimate":2301914.3951204373,"standard_error":6839.948800212495},"std_dev":{"confidence_interval":{"confidence_level":0.95,"lower_bound":224994.2492451818,"upper_bound":1047256.2871429548},"point_estimate":668111.5608657055,"standard_error":229193.29609938443}}