{"mean":{"confidence_interval":{"confidence_level":0.95,"lower_bound":680603.0205341713,"upper_bound":681784.5383872162},"point_estimate":681238.4814333677,"standard_error":302.28100514597094},"median":{"confidence_interval":{"confidence_level":0.95,"lower_bound":681325.4523809524,"upper_bound":682029.0272525677},"point_estimate":681645.559770115,"standard_error":184.98505281259006},"median_abs_dev":{"confidence_interval":{"confidence_level":0.95,"lower_bound":1017.6719577314217,"upper_bound":1606.5739099855653},"point_estimate":1282.6000978492991,"standard_error":142.73559246606507},"slope":{"confidence_interval":{"confidence_level":0.95,"lower_bound":681482.7060021864,"upper_bound":682278.430755469},"point_estimate":681846.6049918723,"standard_error":203.65235233200866},"std_dev":{"confidence_interval":{"confidence_level":0.95,"lower_bound":1759.7725979788424,"upper_bound":4035.4073238627248},"point_estimate":3032.894658081401,"standard_error":586.8305824561019}}