{"mean":{"confidence_interval":{"confidence_level":0.95,"lower_bound":172572.34784389837,"upper_bound":173612.21950028453},"point_estimate":173014.65650672905,"standard_error":269.314310037195},"median":{"confidence_interval":{"confidence_level":0.95,"lower_bound":172283.3739551183,"upper_bound":172562.65833333333},"point_estimate":172444.21636150236,"standard_error":67.86657227777091},"median_abs_dev":{"confidence_interval":{"confidence_level":0.95,"lower_bound":422.5215180997008,"upper_bound":728.1479692318488},"point_estimate":571.2636764331694,"standard_error":79.83497104073071},"slope":{"confidence_interval":{"confidence_level":0.95,"lower_bound":172337.03878525342,"upper_bound":172565.0352382709},"point_estimate":172446.97851731442,"standard_error":58.0588051559597},"std_dev":{"confidence_interval":{"confidence_level":0.95,"lower_bound":718.0446489889315,"upper_bound":4221.300931832121},"point_estimate":2712.447489621999,"standard_error":895.2526438458148}}