{"mean":{"confidence_interval":{"confidence_level":0.95,"lower_bound":1271491.2261498868,"upper_bound":1272909.6205703903},"point_estimate":1272141.1321063454,"standard_error":362.63905230491923},"median":{"confidence_interval":{"confidence_level":0.95,"lower_bound":1270814.244805195,"upper_bound":1271916.1438356165},"point_estimate":1271256.4384615384,"standard_error":278.6157867965436},"median_abs_dev":{"confidence_interval":{"confidence_level":0.95,"lower_bound":1294.7954733877473,"upper_bound":2479.7091754854787},"point_estimate":1632.6647719767236,"standard_error":305.1368153344456},"slope":{"confidence_interval":{"confidence_level":0.95,"lower_bound":1270799.8753351748,"upper_bound":1271917.9081618842},"point_estimate":1271322.1434461356,"standard_error":285.74212098463215},"std_dev":{"confidence_interval":{"confidence_level":0.95,"lower_bound":2284.088637578635,"upper_bound":5119.110890517474},"point_estimate":3652.330376577552,"standard_error":796.4740398520565}}