{"mean":{"confidence_interval":{"confidence_level":0.95,"lower_bound":813.5992747031031,"upper_bound":832.8411979388947},"point_estimate":823.2847863779616,"standard_error":4.93630814905274},"median":{"confidence_interval":{"confidence_level":0.95,"lower_bound":845.0011672908864,"upper_bound":850.035886571056},"point_estimate":847.2210991991733,"standard_error":1.5836521929915617},"median_abs_dev":{"confidence_interval":{"confidence_level":0.95,"lower_bound":7.900107771703355,"upper_bound":24.338387556150746},"point_estimate":14.416759069673502,"standard_error":4.820851668850954},"slope":{"confidence_interval":{"confidence_level":0.95,"lower_bound":847.3554640420917,"upper_bound":856.1286286556723},"point_estimate":851.4403419043397,"standard_error":2.249755151137184},"std_dev":{"confidence_interval":{"confidence_level":0.95,"lower_bound":42.8432463316358,"upper_bound":55.30298971695106},"point_estimate":49.61492450666594,"standard_error":3.1703971614544297}}