{"mean":{"confidence_interval":{"confidence_level":0.95,"lower_bound":1815.9921663877767,"upper_bound":1843.3458751670141},"point_estimate":1829.9478352090816,"standard_error":7.012443438438947},"median":{"confidence_interval":{"confidence_level":0.95,"lower_bound":1862.2954244829245,"upper_bound":1872.2776679841897},"point_estimate":1869.1287304985945,"standard_error":2.7208187239617256},"median_abs_dev":{"confidence_interval":{"confidence_level":0.95,"lower_bound":9.843409282315442,"upper_bound":31.59265440789948},"point_estimate":15.163053065544725,"standard_error":6.007832254099437},"slope":{"confidence_interval":{"confidence_level":0.95,"lower_bound":1866.023163431388,"upper_bound":1873.1508029269276},"point_estimate":1869.8109356234131,"standard_error":1.8151587278689305},"std_dev":{"confidence_interval":{"confidence_level":0.95,"lower_bound":60.74078784140867,"upper_bound":78.31439868533195},"point_estimate":70.51105517461743,"standard_error":4.474116798769393}}