{"mean":{"confidence_interval":{"confidence_level":0.95,"lower_bound":47628.56767225536,"upper_bound":47848.85011739753},"point_estimate":47725.216750155894,"standard_error":56.72500916415929},"median":{"confidence_interval":{"confidence_level":0.95,"lower_bound":47587.49878188047,"upper_bound":47652.039024390244},"point_estimate":47624.26828609986,"standard_error":17.71500515724159},"median_abs_dev":{"confidence_interval":{"confidence_level":0.95,"lower_bound":124.0006729378989,"upper_bound":276.8387071572359},"point_estimate":212.62450175945068,"standard_error":39.87597645416952},"slope":{"confidence_interval":{"confidence_level":0.95,"lower_bound":47533.50809772053,"upper_bound":47620.573032879314},"point_estimate":47575.641750258605,"standard_error":22.19496964108351},"std_dev":{"confidence_interval":{"confidence_level":0.95,"lower_bound":249.70943264240185,"upper_bound":854.9591886443919},"point_estimate":570.0237176385211,"standard_error":161.29487242425947}}