{"mean":{"confidence_interval":{"confidence_level":0.95,"lower_bound":350685.91142511484,"upper_bound":376855.4404319832},"point_estimate":361714.28535147605,"standard_error":6778.37161017313},"median":{"confidence_interval":{"confidence_level":0.95,"lower_bound":341206.1265432099,"upper_bound":345610.7656695157},"point_estimate":342981.04104166664,"standard_error":1207.2424030011784},"median_abs_dev":{"confidence_interval":{"confidence_level":0.95,"lower_bound":5329.185132465364,"upper_bound":11043.942115041922},"point_estimate":7616.305484680245,"standard_error":1577.9236898018269},"slope":{"confidence_interval":{"confidence_level":0.95,"lower_bound":339336.67902860296,"upper_bound":343379.37460284645},"point_estimate":340866.1315910546,"standard_error":1075.6026760059794},"std_dev":{"confidence_interval":{"confidence_level":0.95,"lower_bound":23341.542951234973,"upper_bound":106525.12479031918},"point_estimate":67916.8567259222,"standard_error":23160.36572999602}}