{"mean":{"confidence_interval":{"confidence_level":0.95,"lower_bound":348621.8590853861,"upper_bound":349058.4144081338},"point_estimate":348820.3870714097,"standard_error":111.44642685524524},"median":{"confidence_interval":{"confidence_level":0.95,"lower_bound":348491.1803921569,"upper_bound":348777.5637254902},"point_estimate":348575.6093567251,"standard_error":79.96593814514803},"median_abs_dev":{"confidence_interval":{"confidence_level":0.95,"lower_bound":507.96891643626634,"upper_bound":909.5403075493043},"point_estimate":793.9049083485561,"standard_error":100.58968948215302},"slope":{"confidence_interval":{"confidence_level":0.95,"lower_bound":348413.51481443667,"upper_bound":349031.65652046213},"point_estimate":348675.867894685,"standard_error":160.07584605928068},"std_dev":{"confidence_interval":{"confidence_level":0.95,"lower_bound":670.0610646156231,"upper_bound":1599.3875068884615},"point_estimate":1119.0136712769809,"standard_error":264.31444002219916}}