{"mean":{"confidence_interval":{"confidence_level":0.95,"lower_bound":12193.65655590978,"upper_bound":12227.447749655454},"point_estimate":12209.589669930348,"standard_error":8.591145618423502},"median":{"confidence_interval":{"confidence_level":0.95,"lower_bound":12202.12962962963,"upper_bound":12226.380281400137},"point_estimate":12218.660312805474,"standard_error":5.931920883592362},"median_abs_dev":{"confidence_interval":{"confidence_level":0.95,"lower_bound":41.205331700630694,"upper_bound":81.92970525752496},"point_estimate":58.67391187061668,"standard_error":10.27697608892494},"slope":{"confidence_interval":{"confidence_level":0.95,"lower_bound":12225.45075024337,"upper_bound":12240.309600253539},"point_estimate":12233.416110822445,"standard_error":3.7908951955918058},"std_dev":{"confidence_interval":{"confidence_level":0.95,"lower_bound":58.90921114415092,"upper_bound":114.1628963763042},"point_estimate":86.32687312004798,"standard_error":14.532748063882357}}