{"mean":{"confidence_interval":{"confidence_level":0.95,"lower_bound":16912.451673339412,"upper_bound":16946.545629411783},"point_estimate":16928.913167913797,"standard_error":8.711360306629855},"median":{"confidence_interval":{"confidence_level":0.95,"lower_bound":16915.102729885057,"upper_bound":16963.497594226144},"point_estimate":16944.42635843424,"standard_error":13.444881660270065},"median_abs_dev":{"confidence_interval":{"confidence_level":0.95,"lower_bound":47.749469729076644,"upper_bound":100.73570585126848},"point_estimate":68.18078654401475,"standard_error":14.756540995563812},"slope":{"confidence_interval":{"confidence_level":0.95,"lower_bound":16952.201765357833,"upper_bound":16969.420154024072},"point_estimate":16961.609396717336,"standard_error":4.361154070956244},"std_dev":{"confidence_interval":{"confidence_level":0.95,"lower_bound":66.06936703844025,"upper_bound":112.99615678038774},"point_estimate":88.09558253273909,"standard_error":12.509194459375706}}