{"mean":{"confidence_interval":{"confidence_level":0.95,"lower_bound":16711.71786677759,"upper_bound":16790.2456024433},"point_estimate":16746.998693867296,"standard_error":20.107984292445437},"median":{"confidence_interval":{"confidence_level":0.95,"lower_bound":16674.525278663747,"upper_bound":16754.9930454207},"point_estimate":16701.377686651584,"standard_error":22.54105823709412},"median_abs_dev":{"confidence_interval":{"confidence_level":0.95,"lower_bound":88.23908655630422,"upper_bound":150.66856185788447},"point_estimate":125.06080701719894,"standard_error":16.026564476465513},"slope":{"confidence_interval":{"confidence_level":0.95,"lower_bound":16731.401505599344,"upper_bound":16776.345854903026},"point_estimate":16755.540930293206,"standard_error":11.460989060653299},"std_dev":{"confidence_interval":{"confidence_level":0.95,"lower_bound":115.7504358666275,"upper_bound":293.2512906408521},"point_estimate":201.4952319788561,"standard_error":51.19325547369421}}