{"mean":{"confidence_interval":{"confidence_level":0.95,"lower_bound":13309.668114305445,"upper_bound":13348.958860268202},"point_estimate":13328.456824310957,"standard_error":10.00121544725089},"median":{"confidence_interval":{"confidence_level":0.95,"lower_bound":13292.227631578946,"upper_bound":13348.415362372667},"point_estimate":13315.405991143112,"standard_error":14.692295352608548},"median_abs_dev":{"confidence_interval":{"confidence_level":0.95,"lower_bound":92.14615225881559,"upper_bound":133.8429984786681},"point_estimate":123.40963367164856,"standard_error":10.091135760140128},"slope":{"confidence_interval":{"confidence_level":0.95,"lower_bound":13373.748169995164,"upper_bound":13425.797170464313},"point_estimate":13397.12020050866,"standard_error":13.45187485799135},"std_dev":{"confidence_interval":{"confidence_level":0.95,"lower_bound":77.62702989483135,"upper_bound":131.0579858736339},"point_estimate":100.88984686187666,"standard_error":15.551667470552934}}