{"mean":{"confidence_interval":{"confidence_level":0.95,"lower_bound":13699.895103782172,"upper_bound":13733.023109086405},"point_estimate":13715.961928537748,"standard_error":8.458799609212072},"median":{"confidence_interval":{"confidence_level":0.95,"lower_bound":13686.310641627542,"upper_bound":13724.438813813813},"point_estimate":13701.306857638889,"standard_error":11.276966452657982},"median_abs_dev":{"confidence_interval":{"confidence_level":0.95,"lower_bound":65.14917222300073,"upper_bound":99.37296837570311},"point_estimate":86.96332054444674,"standard_error":9.304287959799685},"slope":{"confidence_interval":{"confidence_level":0.95,"lower_bound":13728.842078558442,"upper_bound":13766.367830766847},"point_estimate":13747.57470469435,"standard_error":9.543771158559295},"std_dev":{"confidence_interval":{"confidence_level":0.95,"lower_bound":66.14441057326671,"upper_bound":104.23562741342585},"point_estimate":85.23531279882395,"standard_error":9.857680640763425}}