{"mean":{"confidence_interval":{"confidence_level":0.95,"lower_bound":13126.563524105439,"upper_bound":13168.288993220316},"point_estimate":13147.462584086026,"standard_error":10.650051673427905},"median":{"confidence_interval":{"confidence_level":0.95,"lower_bound":13093.704191033139,"upper_bound":13185.671052631578},"point_estimate":13127.720955991674,"standard_error":23.527494093202687},"median_abs_dev":{"confidence_interval":{"confidence_level":0.95,"lower_bound":105.53459394682085,"upper_bound":166.53135432342967},"point_estimate":139.0562245950406,"standard_error":16.438781028950647},"slope":{"confidence_interval":{"confidence_level":0.95,"lower_bound":13203.865211564034,"upper_bound":13241.837166429792},"point_estimate":13224.867153445903,"standard_error":9.715254341006743},"std_dev":{"confidence_interval":{"confidence_level":0.95,"lower_bound":98.12178562106466,"upper_bound":114.26685288179722},"point_estimate":106.99656620846044,"standard_error":4.107379309526787}}