{"mean":{"confidence_interval":{"confidence_level":0.95,"lower_bound":55666.58958744445,"upper_bound":56111.56362689734},"point_estimate":55848.17792586735,"standard_error":116.8434229646811},"median":{"confidence_interval":{"confidence_level":0.95,"lower_bound":55472.22738095238,"upper_bound":55657.99725274725},"point_estimate":55560.84045189504,"standard_error":45.36590882156465},"median_abs_dev":{"confidence_interval":{"confidence_level":0.95,"lower_bound":235.30464016461232,"upper_bound":474.78452692838147},"point_estimate":354.9151255133894,"standard_error":62.95708322139421},"slope":{"confidence_interval":{"confidence_level":0.95,"lower_bound":55380.461001711716,"upper_bound":55463.99939491048},"point_estimate":55419.05361396694,"standard_error":21.250778626644493},"std_dev":{"confidence_interval":{"confidence_level":0.95,"lower_bound":432.16679346130655,"upper_bound":1896.8461476060154},"point_estimate":1177.2084225060848,"standard_error":479.9148272603778}}