{"mean":{"confidence_interval":{"confidence_level":0.95,"lower_bound":54611.58786799677,"upper_bound":54844.00766732016},"point_estimate":54720.698091478844,"standard_error":59.40131496602099},"median":{"confidence_interval":{"confidence_level":0.95,"lower_bound":54427.186293436294,"upper_bound":54660.28571428572},"point_estimate":54565.588509316774,"standard_error":61.744739783014126},"median_abs_dev":{"confidence_interval":{"confidence_level":0.95,"lower_bound":286.5113200221807,"upper_bound":503.68234781166495},"point_estimate":395.45155235433435,"standard_error":56.55353895680155},"slope":{"confidence_interval":{"confidence_level":0.95,"lower_bound":54313.14958095964,"upper_bound":54400.68730010197},"point_estimate":54353.43485697397,"standard_error":22.22248318127687},"std_dev":{"confidence_interval":{"confidence_level":0.95,"lower_bound":421.657329871322,"upper_bound":794.123384119113},"point_estimate":599.1254522334556,"standard_error":101.89092881192127}}