{"mean":{"confidence_interval":{"confidence_level":0.95,"lower_bound":4333.935700841488,"upper_bound":4380.33424585924},"point_estimate":4353.424830385976,"standard_error":12.063049120023852},"median":{"confidence_interval":{"confidence_level":0.95,"lower_bound":4338.58934169279,"upper_bound":4345.995170454546},"point_estimate":4342.4310962486725,"standard_error":2.0862665546000096},"median_abs_dev":{"confidence_interval":{"confidence_level":0.95,"lower_bound":11.93110525517968,"upper_bound":25.50641693342287},"point_estimate":19.306267743423245,"standard_error":3.451876816931818},"slope":{"confidence_interval":{"confidence_level":0.95,"lower_bound":4336.887260088085,"upper_bound":4343.6596768444715},"point_estimate":4340.321604444027,"standard_error":1.725013930029921},"std_dev":{"confidence_interval":{"confidence_level":0.95,"lower_bound":43.10673091880802,"upper_bound":191.74386696118083},"point_estimate":121.40591402632923,"standard_error":43.599847010566045}}