{"mean":{"confidence_interval":{"confidence_level":0.95,"lower_bound":-0.021906415101227213,"upper_bound":0.008749844066943773},"point_estimate":-0.006213048666721788,"standard_error":0.007802169226399211},"median":{"confidence_interval":{"confidence_level":0.95,"lower_bound":-0.010662537186190812,"upper_bound":0.014752592668540343},"point_estimate":0.001885659463945144,"standard_error":0.006399436499640049}}