{"mean":{"confidence_interval":{"confidence_level":0.95,"lower_bound":2220143.757280558,"upper_bound":2479072.239189443},"point_estimate":2329271.855916386,"standard_error":67429.62809024933},"median":{"confidence_interval":{"confidence_level":0.95,"lower_bound":2125458.8389830505,"upper_bound":2175167.358974359},"point_estimate":2143070.43627451,"standard_error":12330.080429254956},"median_abs_dev":{"confidence_interval":{"confidence_level":0.95,"lower_bound":44359.86431178084,"upper_bound":105950.15586913716},"point_estimate":68540.49680983367,"standard_error":15725.863531296734},"slope":{"confidence_interval":{"confidence_level":0.95,"lower_bound":2110551.5224373303,"upper_bound":2123461.3423644374},"point_estimate":2116162.3001241316,"standard_error":3302.7671323473796},"std_dev":{"confidence_interval":{"confidence_level":0.95,"lower_bound":226987.87949894724,"upper_bound":1060792.0365611587},"point_estimate":674797.840005704,"standard_error":233221.43935361138}}