{"mean":{"confidence_interval":{"confidence_level":0.95,"lower_bound":1961420.0621154287,"upper_bound":2091486.196595926},"point_estimate":2016543.873487146,"standard_error":33895.37939735275},"median":{"confidence_interval":{"confidence_level":0.95,"lower_bound":1915133.9444444445,"upper_bound":1940608.3209818637},"point_estimate":1924641.743529412,"standard_error":6509.362031165266},"median_abs_dev":{"confidence_interval":{"confidence_level":0.95,"lower_bound":26628.526124923235,"upper_bound":57599.61874403016},"point_estimate":39375.980025903635,"standard_error":7946.261709198303},"slope":{"confidence_interval":{"confidence_level":0.95,"lower_bound":1905158.6656553342,"upper_bound":1912358.399812967},"point_estimate":1908321.147829171,"standard_error":1840.6712703722633},"std_dev":{"confidence_interval":{"confidence_level":0.95,"lower_bound":115521.02493387992,"upper_bound":535974.1217324408},"point_estimate":340866.14076454495,"standard_error":117559.1209878902}}