{"mean":{"confidence_interval":{"confidence_level":0.95,"lower_bound":3813477.2029399998,"upper_bound":3880401.794239999},"point_estimate":3846553.2664,"standard_error":17142.749429253403},"median":{"confidence_interval":{"confidence_level":0.95,"lower_bound":3760685.2199999997,"upper_bound":3864892.2},"point_estimate":3825764.38,"standard_error":22531.34748832694},"median_abs_dev":{"confidence_interval":{"confidence_level":0.95,"lower_bound":120735.8550285104,"upper_bound":210983.4945462941},"point_estimate":166036.10418426964,"standard_error":22939.45287797419},"slope":null,"std_dev":{"confidence_interval":{"confidence_level":0.95,"lower_bound":147159.11738094408,"upper_bound":193623.0280657553},"point_estimate":171831.0885272354,"standard_error":11911.932526640752}}