{"mean":{"confidence_interval":{"confidence_level":0.95,"lower_bound":1080.9912507977153,"upper_bound":1094.9225988221274},"point_estimate":1086.9391241319086,"standard_error":3.617061892869584},"median":{"confidence_interval":{"confidence_level":0.95,"lower_bound":1082.7313432835822,"upper_bound":1085.0411677874365},"point_estimate":1083.9398661454632,"standard_error":0.7048090261812535},"median_abs_dev":{"confidence_interval":{"confidence_level":0.95,"lower_bound":4.410976087438709,"upper_bound":8.32641854705844},"point_estimate":5.821381897072827,"standard_error":1.024774799098789},"slope":{"confidence_interval":{"confidence_level":0.95,"lower_bound":1082.1510861033098,"upper_bound":1084.9072708304896},"point_estimate":1083.5132574455931,"standard_error":0.7009300908521803},"std_dev":{"confidence_interval":{"confidence_level":0.95,"lower_bound":12.244151013086723,"upper_bound":57.75181505348293},"point_estimate":36.81189809666886,"standard_error":12.692305712887455}}