{"mean":{"confidence_interval":{"confidence_level":0.95,"lower_bound":14005.118767369393,"upper_bound":14054.291546782384},"point_estimate":14028.309523623855,"standard_error":12.499099769882124},"median":{"confidence_interval":{"confidence_level":0.95,"lower_bound":13988.509984639017,"upper_bound":14060.023105201677},"point_estimate":14020.434523809523,"standard_error":19.079542686918515},"median_abs_dev":{"confidence_interval":{"confidence_level":0.95,"lower_bound":101.31992858739402,"upper_bound":152.8803415403431},"point_estimate":134.29296428248824,"standard_error":13.115092761704497},"slope":{"confidence_interval":{"confidence_level":0.95,"lower_bound":14071.331763980654,"upper_bound":14104.716826932035},"point_estimate":14089.663195197985,"standard_error":8.485397973305199},"std_dev":{"confidence_interval":{"confidence_level":0.95,"lower_bound":90.32358999199722,"upper_bound":171.83143135752331},"point_estimate":126.07202690326942,"standard_error":24.645830691730076}}