{"mean":{"confidence_interval":{"confidence_level":0.95,"lower_bound":4650125.904363637,"upper_bound":4655519.139181817},"point_estimate":4652319.219090908,"standard_error":1402.1207809336674},"median":{"confidence_interval":{"confidence_level":0.95,"lower_bound":4649412.7727272725,"upper_bound":4652587.340909091},"point_estimate":4651201.25,"standard_error":775.777884015134},"median_abs_dev":{"confidence_interval":{"confidence_level":0.95,"lower_bound":4194.511193714484,"upper_bound":7901.350609609167},"point_estimate":5953.514976122037,"standard_error":992.8505425820031},"slope":null,"std_dev":{"confidence_interval":{"confidence_level":0.95,"lower_bound":5648.890944530455,"upper_bound":22623.923559285297},"point_estimate":14082.068109080865,"standard_error":5625.04272802352}}