{"mean":{"confidence_interval":{"confidence_level":0.95,"lower_bound":46426.38842869396,"upper_bound":46576.15787073304},"point_estimate":46496.99989353717,"standard_error":38.328637776258375},"median":{"confidence_interval":{"confidence_level":0.95,"lower_bound":46317.671896889886,"upper_bound":46326.85761627907},"point_estimate":46322.4247246022,"standard_error":2.5409434997783067},"median_abs_dev":{"confidence_interval":{"confidence_level":0.95,"lower_bound":18.743787287207148,"upper_bound":42.258349367972336},"point_estimate":28.180424302857705,"standard_error":6.005477215548561},"slope":{"confidence_interval":{"confidence_level":0.95,"lower_bound":46378.362772587345,"upper_bound":46517.43037460288},"point_estimate":46439.73836738481,"standard_error":35.58787422845462},"std_dev":{"confidence_interval":{"confidence_level":0.95,"lower_bound":277.3919598945149,"upper_bound":471.67394857620695},"point_estimate":385.86879156353683,"standard_error":50.28580304709786}}