{"mean":{"confidence_interval":{"confidence_level":0.95,"lower_bound":12376.57323361059,"upper_bound":12418.155896310771},"point_estimate":12397.181828136932,"standard_error":10.616784750616612},"median":{"confidence_interval":{"confidence_level":0.95,"lower_bound":12352.357492997198,"upper_bound":12412.251864125932},"point_estimate":12391.031092436975,"standard_error":17.388882015761535},"median_abs_dev":{"confidence_interval":{"confidence_level":0.95,"lower_bound":98.29476720015249,"upper_bound":152.64509602126498},"point_estimate":129.0261392318203,"standard_error":13.762894183285889},"slope":{"confidence_interval":{"confidence_level":0.95,"lower_bound":12431.856203820334,"upper_bound":12474.486934881812},"point_estimate":12454.963145368092,"standard_error":10.904821395597029},"std_dev":{"confidence_interval":{"confidence_level":0.95,"lower_bound":91.79239964851628,"upper_bound":121.88499128160309},"point_estimate":106.71500158809273,"standard_error":7.749052813395385}}