{"mean":{"confidence_interval":{"confidence_level":0.95,"lower_bound":1757.7645171289573,"upper_bound":1783.9202492376637},"point_estimate":1770.5347336068633,"standard_error":6.647125263532722},"median":{"confidence_interval":{"confidence_level":0.95,"lower_bound":1763.9367391304347,"upper_bound":1804.9662031294013},"point_estimate":1799.8727225672878,"standard_error":11.447044441097823},"median_abs_dev":{"confidence_interval":{"confidence_level":0.95,"lower_bound":24.140660428329262,"upper_bound":73.88181079831001},"point_estimate":37.550230156802066,"standard_error":14.03235831143445},"slope":{"confidence_interval":{"confidence_level":0.95,"lower_bound":1796.1648702624418,"upper_bound":1805.5436641972954},"point_estimate":1801.4126778291068,"standard_error":2.378362961473715},"std_dev":{"confidence_interval":{"confidence_level":0.95,"lower_bound":52.91141607411585,"upper_bound":83.82422839829898},"point_estimate":66.69152410498432,"standard_error":8.42047932930791}}