{"mean":{"confidence_interval":{"confidence_level":0.95,"lower_bound":7853.370075534042,"upper_bound":7882.447652580113},"point_estimate":7867.6473151970995,"standard_error":7.414177773410168},"median":{"confidence_interval":{"confidence_level":0.95,"lower_bound":7847.292515516612,"upper_bound":7878.28128342246},"point_estimate":7867.191844919786,"standard_error":9.438628321402744},"median_abs_dev":{"confidence_interval":{"confidence_level":0.95,"lower_bound":53.31364096525817,"upper_bound":84.30769109965793},"point_estimate":70.37212699207566,"standard_error":7.95817953560195},"slope":{"confidence_interval":{"confidence_level":0.95,"lower_bound":7863.680453472439,"upper_bound":7894.302932635549},"point_estimate":7878.71012292274,"standard_error":7.857186232054231},"std_dev":{"confidence_interval":{"confidence_level":0.95,"lower_bound":61.341696992268304,"upper_bound":86.94750161937817},"point_estimate":74.57111261842068,"standard_error":6.560201983471813}}