{"mean":{"confidence_interval":{"confidence_level":0.95,"lower_bound":7743.979715379529,"upper_bound":7784.711253085289},"point_estimate":7763.154375485012,"standard_error":10.375031921186185},"median":{"confidence_interval":{"confidence_level":0.95,"lower_bound":7742.816538882804,"upper_bound":7786.199100249066},"point_estimate":7765.2547982050655,"standard_error":10.635898202197666},"median_abs_dev":{"confidence_interval":{"confidence_level":0.95,"lower_bound":54.22200244645797,"upper_bound":90.62887515781445},"point_estimate":70.58384112640356,"standard_error":9.248381314984899},"slope":{"confidence_interval":{"confidence_level":0.95,"lower_bound":7773.228612793978,"upper_bound":7803.4212351533915},"point_estimate":7789.004245469323,"standard_error":7.694413989582353},"std_dev":{"confidence_interval":{"confidence_level":0.95,"lower_bound":69.79133533964246,"upper_bound":144.98859096355798},"point_estimate":104.368141828135,"standard_error":21.2409234899477}}