{"mean":{"confidence_interval":{"confidence_level":0.95,"lower_bound":7717.874433594302,"upper_bound":7744.720332932275},"point_estimate":7730.673557094199,"standard_error":6.839684280347667},"median":{"confidence_interval":{"confidence_level":0.95,"lower_bound":7706.028132992327,"upper_bound":7743.528500799768},"point_estimate":7726.531824294038,"standard_error":10.161856641288185},"median_abs_dev":{"confidence_interval":{"confidence_level":0.95,"lower_bound":45.421555667338126,"upper_bound":66.74211656330625},"point_estimate":59.003536707529925,"standard_error":5.437882393427376},"slope":{"confidence_interval":{"confidence_level":0.95,"lower_bound":7715.661940207929,"upper_bound":7739.079314717684},"point_estimate":7727.274060947951,"standard_error":5.992129844068038},"std_dev":{"confidence_interval":{"confidence_level":0.95,"lower_bound":49.78087303322627,"upper_bound":90.75102841366854},"point_estimate":68.78248235034303,"standard_error":11.111985971602868}}