{"mean":{"confidence_interval":{"confidence_level":0.95,"lower_bound":-0.044444640882596524,"upper_bound":-0.013499995759682552},"point_estimate":-0.029042341890083256,"standard_error":0.007860839204587508},"median":{"confidence_interval":{"confidence_level":0.95,"lower_bound":-0.040353160714928116,"upper_bound":-0.000022506075448291973},"point_estimate":-0.02062531972135906,"standard_error":0.010191860932667043}}