{"mean":{"confidence_interval":{"confidence_level":0.95,"lower_bound":130075.32037206,"upper_bound":130982.18507437658},"point_estimate":130426.13900161895,"standard_error":243.82911877517526},"median":{"confidence_interval":{"confidence_level":0.95,"lower_bound":130113.7311827957,"upper_bound":130380.65384615384},"point_estimate":130225.13594276094,"standard_error":65.60600282178311},"median_abs_dev":{"confidence_interval":{"confidence_level":0.95,"lower_bound":394.0766133673726,"upper_bound":684.8453789971451},"point_estimate":568.1367860167087,"standard_error":71.83945973052705},"slope":{"confidence_interval":{"confidence_level":0.95,"lower_bound":130075.85632301978,"upper_bound":130349.85913273005},"point_estimate":130205.27898428649,"standard_error":69.98686194281093},"std_dev":{"confidence_interval":{"confidence_level":0.95,"lower_bound":646.545089686138,"upper_bound":4062.529606820258},"point_estimate":2444.7059321444012,"standard_error":1138.9441119688372}}