{"mean":{"confidence_interval":{"confidence_level":0.95,"lower_bound":204891.30741076215,"upper_bound":205112.23575953403},"point_estimate":204996.84395423785,"standard_error":56.60997022063872},"median":{"confidence_interval":{"confidence_level":0.95,"lower_bound":204761.1935483871,"upper_bound":204953.7111111111},"point_estimate":204849.70247858576,"standard_error":56.36577190193477},"median_abs_dev":{"confidence_interval":{"confidence_level":0.95,"lower_bound":301.92334977163324,"upper_bound":531.0561939518127},"point_estimate":380.4674663222781,"standard_error":59.693761690708776},"slope":{"confidence_interval":{"confidence_level":0.95,"lower_bound":204594.24838805085,"upper_bound":204716.93857716297},"point_estimate":204651.008415349,"standard_error":31.31194442128844},"std_dev":{"confidence_interval":{"confidence_level":0.95,"lower_bound":433.0312424649296,"upper_bound":703.7968232493137},"point_estimate":571.0602249799573,"standard_error":69.81685008570577}}