{"mean":{"confidence_interval":{"confidence_level":0.95,"lower_bound":133483.9779173244,"upper_bound":134025.22152190254},"point_estimate":133740.02970915518,"standard_error":137.92411888337196},"median":{"confidence_interval":{"confidence_level":0.95,"lower_bound":133586.04255319148,"upper_bound":133940.27848101265},"point_estimate":133687.96550324676,"standard_error":101.82504622224565},"median_abs_dev":{"confidence_interval":{"confidence_level":0.95,"lower_bound":673.9572053723306,"upper_bound":1069.7720580971861},"point_estimate":934.9070694020722,"standard_error":98.40359399742147},"slope":{"confidence_interval":{"confidence_level":0.95,"lower_bound":133705.67694793973,"upper_bound":134228.43755707447},"point_estimate":133951.50892936307,"standard_error":133.45822385410364},"std_dev":{"confidence_interval":{"confidence_level":0.95,"lower_bound":927.9233018948623,"upper_bound":1878.0452353833673},"point_estimate":1383.2411306267059,"standard_error":255.9409676920631}}