{"mean":{"confidence_interval":{"confidence_level":0.95,"lower_bound":136717.56274921363,"upper_bound":137205.42664577925},"point_estimate":136956.19837303023,"standard_error":124.28677927660948},"median":{"confidence_interval":{"confidence_level":0.95,"lower_bound":136826.54166666666,"upper_bound":137189.9301303855},"point_estimate":137013.59472730738,"standard_error":94.03631690465112},"median_abs_dev":{"confidence_interval":{"confidence_level":0.95,"lower_bound":777.8966856460883,"upper_bound":1194.3025254635465},"point_estimate":1019.3447660456368,"standard_error":108.35203514064385},"slope":{"confidence_interval":{"confidence_level":0.95,"lower_bound":137008.77965585064,"upper_bound":137457.20180498535},"point_estimate":137230.92947835082,"standard_error":114.24768923028662},"std_dev":{"confidence_interval":{"confidence_level":0.95,"lower_bound":889.8106311309263,"upper_bound":1646.6100464545814},"point_estimate":1257.8313068590394,"standard_error":198.92394525875278}}