{"mean":{"confidence_interval":{"confidence_level":0.95,"lower_bound":979.5589907243141,"upper_bound":1013.5142905720924},"point_estimate":996.9551080119994,"standard_error":8.664739239001166},"median":{"confidence_interval":{"confidence_level":0.95,"lower_bound":1042.4060822898032,"upper_bound":1054.1987840338356},"point_estimate":1050.0345548379655,"standard_error":4.1485946940464276},"median_abs_dev":{"confidence_interval":{"confidence_level":0.95,"lower_bound":12.46364940079964,"upper_bound":39.738930656876526},"point_estimate":23.446877922940534,"standard_error":8.306870789249006},"slope":{"confidence_interval":{"confidence_level":0.95,"lower_bound":1047.7239511544346,"upper_bound":1055.277869328165},"point_estimate":1051.9084848415955,"standard_error":1.9255308194019825},"std_dev":{"confidence_interval":{"confidence_level":0.95,"lower_bound":76.34483038011061,"upper_bound":94.74903814637932},"point_estimate":87.14035490426942,"standard_error":4.716042273726906}}