{"mean":{"confidence_interval":{"confidence_level":0.95,"lower_bound":8027.963391035132,"upper_bound":8062.157183731292},"point_estimate":8044.505642556773,"standard_error":8.72231085423581},"median":{"confidence_interval":{"confidence_level":0.95,"lower_bound":8035.312117480221,"upper_bound":8066.339032834487},"point_estimate":8046.258118267069,"standard_error":7.613536399503049},"median_abs_dev":{"confidence_interval":{"confidence_level":0.95,"lower_bound":44.41978873958407,"upper_bound":79.99151833760905},"point_estimate":56.570352205361985,"standard_error":9.043919480307956},"slope":{"confidence_interval":{"confidence_level":0.95,"lower_bound":8065.735167467143,"upper_bound":8107.069369466857},"point_estimate":8084.308227897417,"standard_error":10.619520365957815},"std_dev":{"confidence_interval":{"confidence_level":0.95,"lower_bound":64.6970931490464,"upper_bound":110.57120139345868},"point_estimate":87.78874503645845,"standard_error":11.91765514030505}}