{"mean":{"confidence_interval":{"confidence_level":0.95,"lower_bound":4579.491637946706,"upper_bound":4609.6640650146555},"point_estimate":4593.195659383364,"standard_error":7.685247816616036},"median":{"confidence_interval":{"confidence_level":0.95,"lower_bound":4583.776785714285,"upper_bound":4596.970038776546},"point_estimate":4591.007495919381,"standard_error":3.2155136369326267},"median_abs_dev":{"confidence_interval":{"confidence_level":0.95,"lower_bound":18.18064578112418,"upper_bound":31.626769996003187},"point_estimate":22.86787083170748,"standard_error":3.6005705910020036},"slope":{"confidence_interval":{"confidence_level":0.95,"lower_bound":4588.532914543122,"upper_bound":4595.369940064264},"point_estimate":4591.908227321666,"standard_error":1.7427476167157696},"std_dev":{"confidence_interval":{"confidence_level":0.95,"lower_bound":44.29153814932151,"upper_bound":112.7676278200813},"point_estimate":77.410427844226,"standard_error":19.36155725943233}}