{"mean":{"confidence_interval":{"confidence_level":0.95,"lower_bound":96917.3273924935,"upper_bound":98966.8890838386},"point_estimate":97844.09710298831,"standard_error":526.096975066535},"median":{"confidence_interval":{"confidence_level":0.95,"lower_bound":96308.25861111112,"upper_bound":96614.6875},"point_estimate":96437.47702702702,"standard_error":85.27595194260488},"median_abs_dev":{"confidence_interval":{"confidence_level":0.95,"lower_bound":639.7389313285304,"upper_bound":1032.3466017419578},"point_estimate":754.3404588903878,"standard_error":99.97450041703308},"slope":{"confidence_interval":{"confidence_level":0.95,"lower_bound":96058.1562216713,"upper_bound":96518.88121617209},"point_estimate":96264.47963351558,"standard_error":117.36620622767221},"std_dev":{"confidence_interval":{"confidence_level":0.95,"lower_bound":2947.8772095374793,"upper_bound":7049.627737686572},"point_estimate":5267.778114578887,"standard_error":1044.3054939856686}}