{"mean":{"confidence_interval":{"confidence_level":0.95,"lower_bound":97895.53848677302,"upper_bound":98377.80280647999},"point_estimate":98133.02621675507,"standard_error":122.72169069973577},"median":{"confidence_interval":{"confidence_level":0.95,"lower_bound":97789.20253164557,"upper_bound":98315.79123900292},"point_estimate":98188.77258895131,"standard_error":137.18596315657746},"median_abs_dev":{"confidence_interval":{"confidence_level":0.95,"lower_bound":946.8491678054378,"upper_bound":1481.8216086924056},"point_estimate":1338.039769432267,"standard_error":140.47989904120118},"slope":{"confidence_interval":{"confidence_level":0.95,"lower_bound":97564.85240978058,"upper_bound":98118.8277360636},"point_estimate":97830.13541746711,"standard_error":141.59098455274798},"std_dev":{"confidence_interval":{"confidence_level":0.95,"lower_bound":1030.090157470152,"upper_bound":1421.7572847920542},"point_estimate":1233.3475556340084,"standard_error":100.0855854947506}}