{"mean":{"confidence_interval":{"confidence_level":0.95,"lower_bound":-0.03355904330610336,"upper_bound":-0.002955647626081581},"point_estimate":-0.019159512653243782,"standard_error":0.007805381768525145},"median":{"confidence_interval":{"confidence_level":0.95,"lower_bound":-0.02128053837595989,"upper_bound":0.010714187767538297},"point_estimate":-0.006398968924126169,"standard_error":0.007841000566197288}}