{"mean":{"confidence_interval":{"confidence_level":0.95,"lower_bound":0.012203585316720425,"upper_bound":0.054512331748633326},"point_estimate":0.03351477059062935,"standard_error":0.010712379197073239},"median":{"confidence_interval":{"confidence_level":0.95,"lower_bound":0.011122166782509367,"upper_bound":0.05373156147141933},"point_estimate":0.02996720614918269,"standard_error":0.010931980753207764}}