{"mean":{"confidence_interval":{"confidence_level":0.95,"lower_bound":811.0237288260143,"upper_bound":825.1836137716084},"point_estimate":818.1277093730138,"standard_error":3.6125422662257565},"median":{"confidence_interval":{"confidence_level":0.95,"lower_bound":825.5838383838384,"upper_bound":833.3938104448742},"point_estimate":831.4985918063201,"standard_error":1.8734323188794597},"median_abs_dev":{"confidence_interval":{"confidence_level":0.95,"lower_bound":10.95776162364264,"upper_bound":34.85009403815392},"point_estimate":19.69348257445702,"standard_error":5.787488348637086},"slope":{"confidence_interval":{"confidence_level":0.95,"lower_bound":836.619142372614,"upper_bound":846.7402735176604},"point_estimate":841.7352037293282,"standard_error":2.580879283304459},"std_dev":{"confidence_interval":{"confidence_level":0.95,"lower_bound":31.25166415332716,"upper_bound":40.522512608921815},"point_estimate":36.312278629915305,"standard_error":2.3550898971604357}}