{"mean":{"confidence_interval":{"confidence_level":0.95,"lower_bound":-0.02567673278873516,"upper_bound":0.01574289397047973},"point_estimate":-0.004782457707693144,"standard_error":0.010529050209512142},"median":{"confidence_interval":{"confidence_level":0.95,"lower_bound":-0.02874699200800299,"upper_bound":0.0015911082021398126},"point_estimate":-0.011475186059142217,"standard_error":0.007800665595015705}}