{"mean":{"confidence_interval":{"confidence_level":0.95,"lower_bound":1287387.5619526778,"upper_bound":1428040.699004208},"point_estimate":1346848.5898904938,"standard_error":36504.329042230165},"median":{"confidence_interval":{"confidence_level":0.95,"lower_bound":1236646.4307692307,"upper_bound":1263131.6094512194},"point_estimate":1247984.313088697,"standard_error":7598.313652278716},"median_abs_dev":{"confidence_interval":{"confidence_level":0.95,"lower_bound":25641.20890198434,"upper_bound":57942.93450081112},"point_estimate":38961.886237324194,"standard_error":8738.075890424116},"slope":{"confidence_interval":{"confidence_level":0.95,"lower_bound":1228957.3828345975,"upper_bound":1236179.104219238},"point_estimate":1232133.9980922122,"standard_error":1847.738963582067},"std_dev":{"confidence_interval":{"confidence_level":0.95,"lower_bound":123735.33659642683,"upper_bound":575140.8592468986},"point_estimate":367104.1927448512,"standard_error":125505.30856322176}}