{"mean":{"confidence_interval":{"confidence_level":0.95,"lower_bound":209489.39166010663,"upper_bound":210985.55774529782},"point_estimate":210037.01012328325,"standard_error":424.0736033694587},"median":{"confidence_interval":{"confidence_level":0.95,"lower_bound":209215.91336805554,"upper_bound":209649.39682539683},"point_estimate":209401.8715157513,"standard_error":106.36979148914317},"median_abs_dev":{"confidence_interval":{"confidence_level":0.95,"lower_bound":326.61313019157444,"upper_bound":692.7822194955229},"point_estimate":535.2277954808891,"standard_error":96.76371393137302},"slope":{"confidence_interval":{"confidence_level":0.95,"lower_bound":209141.970047253,"upper_bound":211945.18600127945},"point_estimate":210018.94418698587,"standard_error":826.836733726126},"std_dev":{"confidence_interval":{"confidence_level":0.95,"lower_bound":535.9463594686641,"upper_bound":7231.273902159077},"point_estimate":4270.624145534535,"standard_error":2250.7516283902655}}