{"mean":{"confidence_interval":{"confidence_level":0.95,"lower_bound":113344.22530134462,"upper_bound":113804.37679456706},"point_estimate":113563.40449848484,"standard_error":117.45751335851027},"median":{"confidence_interval":{"confidence_level":0.95,"lower_bound":113313.43010752689,"upper_bound":113705.71693927208},"point_estimate":113528.8495904691,"standard_error":101.82213491899611},"median_abs_dev":{"confidence_interval":{"confidence_level":0.95,"lower_bound":600.9080352379929,"upper_bound":1147.9709732053004},"point_estimate":808.7462414594885,"standard_error":139.59988427566563},"slope":{"confidence_interval":{"confidence_level":0.95,"lower_bound":113221.35270455426,"upper_bound":113647.36719952417},"point_estimate":113433.28529826117,"standard_error":109.05994987224193},"std_dev":{"confidence_interval":{"confidence_level":0.95,"lower_bound":847.8818382441852,"upper_bound":1556.3532661590282},"point_estimate":1180.132582276446,"standard_error":189.67549316197895}}