{"mean":{"confidence_interval":{"confidence_level":0.95,"lower_bound":147207.4068079741,"upper_bound":149621.8607857189},"point_estimate":148177.1890476395,"standard_error":635.8430732599359},"median":{"confidence_interval":{"confidence_level":0.95,"lower_bound":147057.41918407677,"upper_bound":147826.2007124318},"point_estimate":147307.7236111111,"standard_error":218.734183329514},"median_abs_dev":{"confidence_interval":{"confidence_level":0.95,"lower_bound":952.1756209160357,"upper_bound":1548.986307938147},"point_estimate":1395.2959036480852,"standard_error":160.82075484622766},"slope":{"confidence_interval":{"confidence_level":0.95,"lower_bound":147407.90910381995,"upper_bound":150325.3911011103},"point_estimate":148568.41663788553,"standard_error":770.3171367050331},"std_dev":{"confidence_interval":{"confidence_level":0.95,"lower_bound":987.910853835255,"upper_bound":10201.542607187339},"point_estimate":6357.716095733304,"standard_error":2560.5914144198346}}