{"mean":{"confidence_interval":{"confidence_level":0.95,"lower_bound":216484.48109956045,"upper_bound":216721.57104758412},"point_estimate":216598.3407870802,"standard_error":60.69917186286324},"median":{"confidence_interval":{"confidence_level":0.95,"lower_bound":216291.98995472555,"upper_bound":216530.27878787878},"point_estimate":216389.3004943503,"standard_error":65.00065380331367},"median_abs_dev":{"confidence_interval":{"confidence_level":0.95,"lower_bound":256.1254666156743,"upper_bound":511.9423897663443},"point_estimate":355.0232572637826,"standard_error":67.81954885842045},"slope":{"confidence_interval":{"confidence_level":0.95,"lower_bound":216206.1074544744,"upper_bound":216289.56701174885},"point_estimate":216244.41930348257,"standard_error":21.31289450979201},"std_dev":{"confidence_interval":{"confidence_level":0.95,"lower_bound":455.24255952664186,"upper_bound":739.2872544687565},"point_estimate":608.1854767839129,"standard_error":72.90560461468736}}