{"mean":{"confidence_interval":{"confidence_level":0.95,"lower_bound":-0.1192882718036094,"upper_bound":0.024969395633886782},"point_estimate":-0.047154220027653015,"standard_error":0.036830703609594145},"median":{"confidence_interval":{"confidence_level":0.95,"lower_bound":-0.05279404815667155,"upper_bound":-0.011705122074110674},"point_estimate":-0.03781963542604816,"standard_error":0.011349248392136085}}