{"mean":{"confidence_interval":{"confidence_level":0.95,"lower_bound":26574.725839131377,"upper_bound":26658.12984961105},"point_estimate":26612.44869259148,"standard_error":21.45276118685298},"median":{"confidence_interval":{"confidence_level":0.95,"lower_bound":26529.4753051106,"upper_bound":26599.72406615582},"point_estimate":26553.259305006588,"standard_error":20.64719793960791},"median_abs_dev":{"confidence_interval":{"confidence_level":0.95,"lower_bound":63.755437425907864,"upper_bound":123.8044896823727},"point_estimate":96.11662334254993,"standard_error":15.499694476715304},"slope":{"confidence_interval":{"confidence_level":0.95,"lower_bound":26570.73523672692,"upper_bound":26609.463550244927},"point_estimate":26590.59221721783,"standard_error":9.868255286346173},"std_dev":{"confidence_interval":{"confidence_level":0.95,"lower_bound":110.43819178877246,"upper_bound":313.10133416822276},"point_estimate":216.36889003949543,"standard_error":53.64636621588512}}